"currency","symbol","shortName","regularMarketPrice","marketCap","circulatingSupply"
"USD","BTC","Bitcoin USD",74303.625,1469616357376,19778528
"USD","GOAT","Goatcoin USD",33.63007,0,0
"USD","MAVIA","Heroes of Mavia USD",1.3368003,44198472,33062882
"USD","BEPRO","Bepro USD",0.0003625512,3625511,10000000000
"USD","MAHA","MAHA.xyz USD",0.8627396,3788717,4391496
"USD","OG","OG Fan Token USD",5.630115,23233594,4126664
"USD","QTUM","Qtum USD",2.3153117,244000880,105385760
"USD","IMX","Impermax USD",0.0041430923,0,0
"USD","XTZ","Tezos USD",0.64142156,648484672,1011011712
"USD","MNGO","Mango USD",0.016262008,16262008,1000000000
"USD","BNB","BNB USD",583.6544,84104404992,144099648
"USD","HTR","Hathor USD",0.05352272,24534304,458390432
"USD","FREL","Freela USD",0.00018201377,0,0
"USD","WLD","Worldcoin USD",1.8896271,1159614208,613673536
"USD","RSIC","RSIC•GENESIS•RUNE USD",0.0038009011,0,0
"USD","DOGE","Dogecoin USD",0.19185308,28140978176,146679840768
"USD","GAU","Gamer Arena USD",0.07161456,0,0
"USD","RENDER","Render USD",4.8815317,2527123712,517690752
"USD","NIM","Nimiq USD",0.0015177015,19010668,12525960192
"USD","ZEC","Zcash USD",40.214294,656629824,16328269
"USD","YCT","Youclout USD",0.000047224603,0,0
"USD","CWS","Seascape Crowns USD",0.18216407,883869,4852052
"USD","SX","SX Network USD",0.0992539,0,0
"USD","NSURE","Nsure.Network USD",0.002121036,12024,5668964
"USD","ORDER","Orderly Network USD",0.11394185,22822594,200300352
"USD","MIM","Magic Internet Money USD",1.0002837,0,0
"USD","DAMEX","Damex Token USD",0.0025462979,135148,53076276
"USD","SUSHI","SushiSwap USD",0.6970665,182456080,261748464
"USD","TAIKO","Taiko USD",1.3616847,111061480,81561816
"USD","ZEE","ZeroSwap USD",0.0057639293,365600,63429104
"USD","MIX","MixMarvel USD",0.0009154824,8422438,9200000000
"USD","PEPE","PEPEGOLD USD",0.0000061956575,0,0
"USD","DOT","Polkadot USD",4.055646,6144166400,1514966144
"USD","MANTA","Manta Network USD",0.6733915,258217904,383458784
"USD","POOLX","Poolz Finance USD",1.2893836,6574248,5098752
"USD","ULTI","Ulti Arena USD",1.00025304e-7,0,0
"USD","SWP","Kava Swap USD",0.0034023633,115184,33854168
"USD","STF","Structure finance USD",0.00017812372,0,0
"USD","VERA","Vera USD",0.0002611814,0,0
"USD","QUBIC","Qubic USD",0.0000015250442,181482560,119001506119680
"USD","SUNDOG","SUNDOG USD",0.10794545,107667024,997420608
"USD","DAFI","DAFI Protocol USD",0.0005268101,580012,1100988928
"USD","WBTC","Wrapped Bitcoin USD",74214.586,10909892608,147004
"USD","PRXY","Proxy USD",0.0009027304,0,0
"USD","AJNA","Ajna Protocol USD",0.008085577,0,0
"USD","FWC","Football World Community USD",1.1225497e-11,474386,42259695053832190
"USD","ZRX","0x Protocol USD",0.31435156,266694784,848396544
"USD","BUFFI","Bufficorn USD",1.6909108e-7,69712,412275867648
"USD","DEC","Decentr USD",0.0010707438,116462,108767632
"USD","METIS","Metis USD",43.411953,264870848,6101334
"USD","ZIL","Zilliqa USD",0.014244919,272433088,19124932608
"USD","MANEKI","Maneki Inu USD",2.3413755e-11,0,0
"USD","OSCAR","OSCARCOIN USD",2.824267e-9,0,0
"USD","BTT","BitTorrent [New] USD",8.537798e-7,826669248,968246421356544
"USD","MATIC","Polygon USD",0.32551283,855465152,2628053760
"USD","ULTRA","UltraSafe Token USD",5.4029214e-10,0,0
"USD","LIKE","LikeCoin USD",0.00116851,0,0
"USD","WAS","Wasder USD",0.0019673395,0,0
"USD","BEEF","PepeBull USD",5.138233e-9,0,0
"USD","HGET","Hedget USD",0.12408308,217325,1751448
"USD","JET","Jetcoin USD",0.0018579162,135196,72768024
"USD","DOG","UnderDog USD",0.000025963089,0,0
"USD","SOLS","SOLS USD",0.0019759736,0,0
"USD","GNS","Gains Network USD",1.7212895,57378476,33334588
"USD","ELF","aelf USD",0.3459526,253924448,733986240
"USD","FET","Artificial Superintelligence Alliance USD",1.3866192,3364633344,2426501376
"USD","SOL","Solana USD",186.05959,87637975040,471021024
"USD","BOLT","BOLT USD",0.0012006123,1149499,957427520
"USD","VISTA","VISTA USD",23.616404,0,0
"USD","RATS","Ratscoin USD",2.8307012e-10,0,0
"USD","HFT","Hodl Finance USD",3.8750036e-7,0,0
"USD","OZONE","Ozone Metaverse USD",0.001021789,0,0
"USD","CATI","Catizen USD",0.32373992,90574584,279775776
"USD","CVX","Convex Finance USD",1.6676637,165787680,99413136
"USD","ATOM","Cosmos USD",4.419862,1727875200,390934208
"USD","CHZ","Chiliz USD",0.06038682,550838016,9121824768
"USD","DASH","Dash USD",22.939226,275615552,12015033
"USD","BEFE","BEFE USD",0.000020572075,1917355,93201825792
"USD","MEW","Mew Inu USD",0.0000010456199,0,0
"USD","BRUH","BRUH USD",1.0082891e-9,0,0
"USD","HTX","HTX USD",0.0000013986288,0,0
"USD","TIA","Tiamonds USD",0.0055901697,0,0
"USD","VET","VeChain USD",0.021431211,1735607552,80985038848
"USD","CGPT","ChainGPT USD",0.12145366,90381688,744166080
"USD","YESP","Yesports USD",0.00019483615,0,0
"USD","MAPS","MAPS USD",0.019382,881817,45496728
"USD","FTT","FTX Token USD",1.6768615,551511552,328895104
"USD","USDX","USDX [Lighthouse] USD",0.015778841,59528,3772660
"USD","MIGGLES","Mr Miggles USD",0.025676545,24581982,957371072
"USD","FTM","Fantom USD",0.6549129,1836136576,2803634944
"USD","OXY","Oxygen USD",0.0048847995,198759,40689416
"USD","TRX","TRON USD",0.16333377,14117769216,86435086336
"USD","POLIS","Polis USD",0.0052016326,51141,9831891
"USD","ALGO","Algorand USD",0.1197782,998395648,8335369728
"USD","FIO","FIO Protocol USD",0.027361266,21778554,795962944
"USD","SUN","Sun [New] USD",0.018288974,178675344,9769566208
"USD","DIVI","Divi USD",0.0010766484,4395533,4082608640
"USD","MICE","Mice (Ordinals) USD",0.0021257512,0,0
"USD","VRA","Verasity USD",0.003045041,29976208,9844270080
"USD","OP","Optimism USD",1.5364661,1928373248,1255070464
"USD","SHIB","Shiba Inu USD",0.000018532346,10920392704,589261191512064
"USD","RVN","Ravencoin USD",0.017316516,250550080,14468849664
"USD","ALICE","MyNeighborAlice USD",1.0414872,70730872,67913336
"USD","USDT","Tether USDt USD",1.0007559,120591081472,120499994624
"USD","BAT","Basic Attention Token USD",0.1674912,250509600,1495658368
"USD","DMAGA","Dark MAGA USD",0.0052771783,0,0
"USD","ZIG","Zignaly USD",0.101019196,144791696,1433308800
"USD","MHUNT","MetaShooter USD",0.00047885304,15447,32260172
"USD","HIGH","Highstreet USD",1.2172387,83881024,68910904
"USD","PIIN","piin  (Ordinals) USD",0.00009932583,0,0
"USD","BANANA","Banana.finance USD",13.7210455,0,0
"USD","UMB","Umbrella Network USD",0.007202814,2110155,292962624
"USD","ANALOS","analoS USD",0.000045962024,3772573,82080219136
"USD","FXS","Frax Share USD",1.8440964,155058288,84083608
"USD","ARIX","Arix USD",0.01688866,167476,9916490
"USD","BABYCATE","Baby CateCoin USD",6.931499e-11,0,0
"USD","STRK","Strike USD",6.3291903,33828900,5344902
"USD","MFER","mfercoin USD",0.020639464,0,0
"USD","REVV","REVV USD",0.0039186445,4665909,1190694656
"USD","DAO","DAO Maker USD",0.27927533,53847932,192813056
"USD","BRETT","Brett USD",3.7277688e-11,0,0
"USD","ZKJ","Polyhedra Network USD",1.148901,78566656,68384184
"USD","YLD","Yield USD",0.6532292,0,0
"USD","ORN","Orion USD",1.0783751,62355716,57823776
"USD","RAIN","Rainmaker Games USD",0.0007091785,469364,661842176
"USD","EOS","EOS USD",0.44568962,679977792,1525675520
"USD","SNX","Synthetix USD",1.4400178,471993504,327769184
"USD","ONE","BigONE Token USD",0.0005200643,4464321,8584171520
"USD","SAND","The Sandbox USD",0.2508714,599389952,2389232128
"USD","FRIN","Fringe Finance USD",0.0005115957,334882,654583424
"USD","CKB","Nervos Network USD",0.0126430355,569882304,45074800640
"USD","NFT","NFT USD",0.018542947,683556,36863404
"USD","XLM","Stellar USD",0.096088275,2861667072,29781647360
"USD","ETH","Ethereum USD",2638.2783,317698834432,120419008
"USD","GNO","Gnosis USD",241.40913,625150208,2589588
"USD","BOME","BOOK OF MEME USD",0.0080801435,557186880,68957544448
"USD","PNUT","Peanut the Squirrel USD",0.100983925,100969616,999858304
"USD","PORK","PigsCanFly USD",0.00052905356,0,0
"USD","MNEE","MNEE USD",0.9996699,5211208,5212929
"USD","IO","IO RUNE - Rune.Game USD",0.47468436,0,0
"USD","ENA","Ethena USD",0.42421076,1205686528,2842187520
"USD","G","GoodDollar USD",0.000052879557,0,0
"USD","OPUL","Opulous USD",0.06472611,23418916,361815616
"USD","MANA","Decentraland USD",0.2954591,573856960,1942255232
"USD","AEGIS","Stonk League USD",0.05007413,0,0
"USD","REZ","Renzo USD",0.035842378,60155120,1678323840
"USD","COST","Costco Hot Dog USD",0.0066149016,0,0
"USD","CAT","Cat Token USD",0.03926086,256279,6527607
"USD","MYRO","Myro USD",0.09621583,90847352,944203840
"USD","LISTA","Lista DAO USD",0.3907882,72542816,185632064
"USD","JULD","JulSwap USD",0.0009740657,576809,592166784
"USD","STRX","StrikeX USD",0.027091283,23530094,868548480
"USD","MOG","Mog Coin USD",0.0000020893006,816012992,390567515127808
"USD","EDAT","EnviDa USD",0.017429937,0,0
"USD","BLUR","Blur USD",0.20954628,416607712,1988141696
"USD","ONDO","Ondo USD",0.69315684,963321536,1389759872
"USD","FTRB","Faith Tribe USD",0.0035141716,0,0
"USD","XPRT","Persistence One USD",0.17276636,36862976,213368960
"USD","GME","GameStop tokenized stock FTX USD",19.004808,0,0
"USD","ACX","ACCESSLAUNCHER USD",0.0011622997,0,0
"USD","PLOT","PlotX USD",0.0047965073,318097,66318560
"USD","CHR","Chromia USD",0.16689391,138137184,827694528
"USD","LTC","Litecoin USD",69.82798,5248610816,75164872
"USD","WVTRS","Vitreus USD",0.027640743,0,0
"USD","MCOIN","Mirrored Coinbase USD",0.9891362,0,0
"USD","CAKE","PancakeSwap USD",1.7348651,481214176,277378432
"USD","TOON","Pontoon USD",0.000008806117,0,0
"USD","XCAD","XCAD Network USD",0.2319577,11070598,47726796
"USD","HARD","Kava Lend USD",0.15193908,20480122,134791664
"USD","MONI","Monsta Infinite USD",0.006306702,1070077,169673008
"USD","C98","Coin98 USD",0.12035562,103656264,861249856
"USD","PUPS","Pudgy Pups Club USD",2.9626591e-13,0,0
"USD","STOS","Stratos USD",0.4648379,18036118,38800872
"USD","IOST","IOST USD",0.0047026677,100237368,21315000320
"USD","FLOKI","FLOKI USD",0.00013691714,1314751232,9602531852288
"USD","HAPI","HAPI Protocol USD",7.475007,5473444,732232
"USD","VCORE","IMVU USD",0.00049329846,0,0
"USD","FIRO","Firo USD",1.2127609,17360280,14314675
"USD","WOOOOO","Ric Flair USD",0.0048043933,0,0
"USD","AXOL","Axol USD",0.0057670814,0,0
"USD","POLC","Polkacity USD",0.0058237896,1106671,190025936
"USD","WEN","WEN Token USD",2.920381e-7,0,0
"USD","WHY","Wenwifhat USD",0.00068270013,0,0
"USD","ETHW","EthereumPoW USD",3.219438,347116576,107819000
"USD","XEM","NEM USD",0.016166555,145498992,8999999488
"USD","RDNT","Radiant Capital USD",0.058703948,67370448,1147630592
"USD","XRD","Radix USD",0.015485799,163950368,10587143168
"USD","ROUTE","Router Protocol (Old) USD",1.3487551,22648456,16792120
"USD","LIME","iMe Lab USD",0.027098596,11727572,432774144
"USD","SWAP","TrustSwap USD",0.10096961,10096473,99995168
"USD","CNS","Centric Swap USD",0.000001272047,126185,99199057920
"USD","TWURTLE","twurtle the turtle USD",0.0011965117,1196509,999998144
"USD","FLEX","FLEX USD",3.3018823,325780032,98664936
"USD","CBY","Carbify USD",0.35895872,0,0
"USD","NIOX","Autonio USD",0.001168366,0,0
"USD","PLU","Pluton USD",1.5511538,12495493,8055612
"USD","TARA","Taraxa USD",0.003578506,16631749,4647679488
"USD","KOM","Kommunitas USD",0.0012788395,1660610,1298529536
"USD","OLT","OneLedger USD",0.00042018038,213004,506936800
"USD","FUSE","Fuse USD",0.028377537,6239714,219882160
"USD","QNT","Quant USD",60.758465,733521024,12072738
"USD","UNDEAD","Undead Finance USD",0.08128243,0,0
"USD","HOPR","HOPR USD",0.05392244,18396926,341173824
"USD","W","Wormhole USD",0.22010083,597879616,2716389632
"USD","PURPE","Purple Pepe USD",0.0000034661948,0,0
"USD","DIVER","Divergence USD",0.007987356,0,0
"USD","AKRO","Kaon USD",0.003953625,17539108,4436209664
"USD","EDU","EduCoin USD",0.0000060834304,0,0
"USD","AIDOGE","ArbDoge AI USD",3.2645286e-10,56951624,174455902206689280
"USD","ANKR","Ankr USD",0.025132505,251325056,10000000000
"USD","AAVE","Aave USD",164.04305,2456325376,14973663
"USD","CRV","Curve DAO Token USD",0.24813868,301790752,1216218112
"USD","PUSS","PussyCat USD",3.378219e-11,0,0
"USD","AXS","Axie Infinity USD",4.7815747,731620864,153008336
"USD","ZK","Poirot USD",0.60919195,0,0
"USD","ZETA","ZetaChain USD",0.62391,323094400,517854176
"USD","BIGTIME","Big Time USD",0.1664068,196516512,1180940416
"USD","SNY","Synthetify USD",0.0054707685,30773,5625000
"USD","ASD","ASD USD",0.0327528,21637000,660615296
"USD","FIDA","Solana Name Service USD",0.2221621,61051772,274807328
"USD","ATH","Atheios USD",0.00039818414,18961,47618992
"USD","INJ","Injective USD",20.66977,2043165696,98848016
"USD","ADASOL","ADA USD",0.0017454356,0,0
"USD","FARTCOIN","Fartcoin USD",0.0625566,62556492,999998272
"USD","NEAR","NEAR Protocol USD",4.0757995,4963940864,1217906176
"USD","PTF","PowerTrade Fuel USD",0.0123870615,288762,23311586
"USD","GRT","Golden Ratio Token USD",0.45430142,0,0
"USD","GINUX","Green Shiba Inu [New] USD",2.1616064e-7,772316,3572880113664
"USD","DUSK","Dusk USD",0.17998645,84053672,467000000
"USD","LRC","Loopring USD",0.12297712,168085984,1366806912
"USD","CCD","Concordium USD",0.0033760564,37050200,10974401536
"USD","POL","Proof Of Liquidity USD",0.008241397,0,0
"USD","SQGROW","SquidGrow USD",0.01817053,17498652,963023680
"USD","AWX","AurusDeFi USD",3.843,0,0
"USD","JST","JUST USD",0.0285593,282737056,9900000256
"USD","FIS","StaFi USD",0.3131256,32752608,104598944
"USD","OSAK","Osaka Protocol USD",3.0337068e-7,227791872,750869737897984
"USD","DIA","DIA USD",0.83375007,99779960,119676104
"USD","LOKA","League of Kingdoms Arena USD",0.17587051,31840810,181046896
"USD","SFP","SafePal USD",0.6787356,330883616,487500000
"USD","SIDUS","SIDUS USD",0.0040180488,37596352,9356868608
"USD","1INCH","1inch Network USD",0.25627914,327212960,1276783360
"USD","KEX","KIRA USD",0.021018011,4320590,205566064
"USD","QUICK","QuickSwap [Old] USD",36.626316,27341932,746510
"USD","CXT","Coinonat USD",0.0007434493,0,0
"USD","MERL","Merlin Chain USD",0.28762352,151002352,525000000
"USD","EIGEN","EigenLayer USD",2.6788812,499831008,186582000
"USD","SATS","Satoshi USD",0.00026159774,0,0
"USD","BSV","Bitcoin SV USD",50.23206,993600384,19780204
"USD","ARB","ARbit USD",0.0007442482,0,0
"USD","RADX","Radx AI USD",0.000009211955,0,0
"USD","SUBF","Super Best Friends USD",9.1458624e-10,0,0
"USD","MUBI","Multibit USD",0.025812209,24521598,950000000
"USD","BLAST","BLAST USD",0.00019044781,9101,47787480
"USD","ZKF","ZKFair USD",0.00068112084,6811208,10000000000
"USD","PHIL","Philtoken USD",0.038321927,38321924,1000000000
"USD","VANRY","Vanar Chain USD",0.07290605,118862872,1630356736
"USD","ID","Everest USD",0.039166156,4570690,116700000
"USD","FRM","Ferrum Network USD",0.012979103,3498852,269575776
"USD","LINK","Chainlink USD",11.861094,7435126784,626849984
"USD","ARKM","Arkham USD",2.0916097,470821344,225100000
"USD","ONT","Ontology USD",0.17674294,160429184,907697856
"USD","HIGHER","Higher USD",0.035291415,0,0
"USD","ANML","Animal Concerts USD",0.00007967477,0,0
"USD","FLAME","FireStarter USD",0.022972148,1574517,68540264
"USD","ACH","Alchemy Pay USD",0.019493524,162178768,8319623168
"USD","MAGA","MAGA Coin USD",0.00016072417,0,0
"USD","NOVA","NOVA USD",0.000022799491,0,0
"USD","CPOOL","Clearpool USD",0.22550726,159172880,705843712
"USD","LOVELY","Lovely Finance [Old] USD",0.000010269404,0,0
"USD","ODDZ","Oddz USD",0.0053564315,530286,98999984
"USD","SCUBA","Scuba Dog USD",0.0006051153,0,0
"USD","OMI","ECOMI USD",0.0030461291,506528096,166285819904
"USD","HMSTR","Hamster Kombat USD",0.0025466164,163938432,64375001088
"USD","SLIM","Solanium USD",0.08835505,8835505,100000000
"USD","LTO","LTO Network USD",0.121841766,52798040,433332864
"USD","HOD","HoDooi.com USD",0.0019160524,942424,491857216
"USD","DC","DeepCoin USD",0.1210389,0,0
"USD","COMP","Compound Coin USD",4.826e-8,2593,53731717120
"USD","CRO","Cronos USD",0.08501753,2259048704,26571560960
"USD","LADYS","Milady Meme Coin USD",7.341554e-8,53913876,734365990518784
"USD","FLAVIA","Flavia Is Online USD",0.00080783997,807839,999999616
"USD","GEEQ","Geeq USD",0.043724287,1684356,38522224
"USD","FIL","Filecoin USD",3.5995665,2148906496,596990336
"USD","JCO","JennyCo USD",0.0021114822,0,0
"USD","GRAPE","Grapeswap USD",0.000005166467,0,0
"USD","MASK","NFTX Hashmasks Index USD",814.0969,144888,177
"USD","VOXEL","Voxies USD",0.14905733,30916850,207415840
"USD","FORWARD","Forward Protocol USD",0.0010885176,0,0
"USD","IDO","IDOHunt app USD",0.00059217366,0,0
"USD","COTI","COTI USD",0.09396005,168405440,1792308992
"USD","SUI","Salmonation USD",0.0003001941,0,0
"USD","KHAI","Kitten Haimer USD",0.33319294,0,0
"USD","NEO","Neo USD",9.781773,689994816,70538832
"USD","JUP","Jupiter USD",0.0012906699,0,0
"USD","XRP","XRP USD",0.53150165,30225788928,56868663296
"USD","CATDOG","CatDog USD",9.353351e-7,0,0
"USD","SMTY","Smoothy USD",0.0034463932,17541,5089773
"USD","SUNWUKONG","SunWukong USD",0.0033450322,0,0
"USD","PENDLE","Pendle USD",4.966274,808869312,162872480
"USD","AAST","AASToken USD",0.16543101,0,0
"USD","DINGO","DINGO TOKEN (old) USD",5.176635e-9,0,0
"USD","RUNE","THORChain USD",5.4005375,1824347136,337808448
"USD","WIN","WINkLink USD",0.00007727924,76792528,993701855232
"USD","HOOK","Hooked Protocol USD",0.3722341,75091624,201732256
"USD","DEGO","Dego Finance USD",1.8526058,38899560,20997212
"USD","SSV","ssv.network USD",18.858294,217968016,11558205
"USD","DADDY","Crypto Journey USD",0.20222759,0,0
"USD","MPL","Maple USD",25.791466,113946328,4417985
"USD","PONKE","Ponke USD",0.5105434,283629440,555544256
"USD","GMX","GameX USD",0.00016620712,0,0
"USD","ETHFI","ether.fi USD",1.4310232,297008960,207550048
"USD","MARSH","UnMarshal USD",0.05095507,3270452,64183060
"USD","FWOG","FWOG (ETH) USD",2.1645821e-10,0,0
"USD","RPL","Rocket Pool USD",9.704453,202160064,20831680
"USD","SPX","SPEXY USD",3.3545014e-12,0,0
"USD","ADA","Cardano USD",0.35370618,12380774400,35002990592
"USD","MCTP","Metacraft USD",0.53645283,0,0
"USD","SBAE","Salt Bae For The People USD",0.000936854,0,0
"USD","XAI","SideShift Token USD",0.124826714,0,0
"USD","DOOGLE","Doogle USD",0.00032230216,0,0
"USD","KAVA","Kava USD",0.338714,366777888,1082854272
"USD","DVPN","Sentinel USD",0.00064398034,13032897,20238034944
"USD","ATLAS","Star Atlas USD",0.0025228595,43707964,17324771328
"USD","USDD","USDD USD",1.0010933,764091648,763257216
"USD","DYDX","dYdX (Native) USD",1.0301856,663369152,643931712
"USD","FREE","FREEdom Coin USD",1.414067e-7,1405439,9938989481984
"USD","OM","MANTRA USD",1.3761843,1176837120,855144960
"USD","CSPR","Casper USD",0.0068800137,85525040,12430940160
"USD","CAPS","Ternoa USD",0.0035790557,4606353,1287030144
"USD","SWEAT","Sweat Economy USD",0.007744405,51770568,6684899328
"USD","CELR","Celer Network USD",0.012079682,93779696,7763424256
"USD","BRISE","Bitgert USD",7.823609e-8,30957100,395688223440896
"USD","LEO","UNUS SED LEO USD",6.0729184,5617521664,925011840
"USD","LINA","Lina Network USD",0.012258706,0,0
"USD","NEIRO","Neiro Ethereum USD",0.08169722,81697216,1000000000
"USD","PESTO","Pesto the Baby King Penguin USD",0.0014835749,1483574,1000000000
"USD","XDAI","xDAI USD",0.99926966,0,0
"USD","HOT","Hydro Protocol USD",0.0010430068,0,0
"USD","SLOP","Slop USD",0.0017129853,1712979,999996736
"USD","TNSR","Tensor USD",0.40698805,50873508,125000000
"USD","DOSE","DOSE USD",0.00019213698,164027,853702144
"USD","ORDI","ORDI USD",33.982,713621952,21000000
"USD","GTAI","GT Protocol USD",0.6690309,23992268,35861224
"USD","AKTIO","Vancelian USD",0.30401292,0,0
"USD","ENJ","Enjin Coin USD",0.14366937,253884928,1767147392
"USD","DESO","Decentralized Social USD",2.9800153,26476054,8884536
"USD","TRAXX","Traxx USD",0.002471996,110858,44845572
"USD","DEGEN","DEGEN Index USD",0.0000013569623,0,0
"USD","BILLY","Billy Token USD",5.4918905e-7,0,0
"USD","APE","APEcoin.dev USD",1.0122048,0,0
"USD","BCH","Bitcoin Cash USD",369.05652,7301634048,19784596
"USD","TON","Tokamak Network USD",1.0305386,45180308,43841456
"USD","AVAX","Avalanche USD",26.20577,10670025728,407163232
"USD","FIN","DeFiner USD",0.00048754658,81907,168000000
"USD","ZRO","Carb0n.fi USD",0.0014263476,0,0
"USD","LOOKS","LooksRare USD",0.04179934,41796904,999941696
"USD","ICE","Popsicle Finance USD",0.29014477,0,0
"USD","VRTX","Vertex Protocol USD",0.05729284,19780010,345243968
"USD","ETC","Ethereum Classic USD",19.11825,2857026560,149439760
"USD","MOODENG","MOO DENG (moodengmoon) USD",3.5607305e-13,0,0
"USD","KASTA","Kasta USD",0.014159721,9440747,666732544
"USD","DRIFT","DriftDelivery.CC USD",0.00008614089,0,0
"USD","AITECH","Solidus Ai Tech USD",0.086761594,93813856,1081283200
"USD","LDO","Lido DAO USD",1.1760135,1053382976,895723584
"USD","WOO","WOO USD",0.18672097,343622848,1840301312
"USD","SCF","Smoking Chicken Fish USD",0.06564026,0,0
"USD","WLKN","Walken USD",0.0011332702,1163054,1026281536
"USD","KIN","Kin USD",0.000011599344,31989386,2757861572608
"USD","UBX","UBIX.Network USD",0.000008812012,401459,45558153216
"USD","SHRUB","Shrub USD",0.007569018,0,0
"USD","BB","BlackBerry tokenized stock FTX USD",4.38,0,0
"USD","WALTER","walter USD",0.0013557152,0,0
"USD","UFT","UniLend USD",0.23923396,20346900,85050224
"USD","APT","Apricot Finance USD",0.00017513678,0,0
"USD","WOJAK","Wojak USD",0.0011379055,78976016,69404729344
"USD","PENG","Peng USD",0.15487622,15487618,99999976
"USD","NOT","Notcoin USD",0.0062488713,640240320,102456958976
"USD","EGLD","MultiversX USD",24.943615,686617600,27526788
"USD","BRAINLET","Brainlet USD",0.026413303,25169382,952905536
"USD","RDOG","Repost Dog USD",0.00013798037,0,0
"USD","DUEL","Duel Network USD",0.018317755,0,0
"USD","SHOPX","SHOPX USD",0.004081987,1955084,478954080
"USD","ICP","Internet Computer USD",7.6076517,3605316352,473906592
"USD","TORA","Tora Inu USD",0.00014990689,0,0
"USD","WWRY","WeWillRugYou USD",0.000039881037,0,0
"USD","UNI","UNICORN Token USD",0.00014931234,15963,106912512
"USD","BBONK","BitBonk USD",0.000042746393,0,0
"USD","DOGS","Doggy Swap USD",4.3916933e-7,0,0
"USD","AINN","AINN USD",0.07384009,0,0
"USD","WTF","Walnut.finance USD",0.9445519,0,0
"USD","XEC","eCash USD",0.000034081677,674156480,19780614488064
"USD","XEP","Electra Protocol USD",0.00037700066,6808454,18059528192
"USD","SOPHON","Sophon (Atomicals) USD",0.0005951393,0,0
"USD","AKT","Akash Network USD",2.3635495,586835776,248285792
"USD","L3","Layer3 USD",328.5471,0,0
"USD","GNON","Numogram USD",0.0037951837,3795183,1000000000
"USD","BAND","Band Protocol USD",1.1240841,171967232,152984304
"USD","WUSD","Wault USD USD",0.72997713,0,0
"USD","TURBO","Turbo USD",0.008181737,534267392,65300000768
"USD","ZBCN","Zebec Network USD",0.00094544265,61467380,65014394880
"USD","AEVO","Aevo USD",0.31175178,275075552,882354304
"USD","PDEX","Polkadex USD",0.10806683,903438,8360000
"USD","BONK","Bonk USD",0.000021865979,1634966144,74772142620672
"USD","RAY","Raydium USD",3.89925,1028817216,263850032
"USD","SHFL","Shuffle USD",0.366773,38351408,104564424
"USD","MOBILE","Helium Mobile USD",0.00061162526,54605668,89279619072
"USD","JTO","Jito USD",2.2708623,292059936,128611912
"USD","HNT","Helium USD",6.166953,1051293632,170472128
"USD","DBR","DOLA Borrowing Right USD",0.081993915,0,0
"USD","MAX","Maxcoin USD",0.0014861808,0,0
"USD","KMNO","Kamino Finance USD",0.09666636,0,0
"USD","PRCL","Parcl USD",0.26957846,39062396,144901776
"USD","CLOUD","CloudTx USD",0.00010271112,0,0
"USD","MON","MoneyByte USD",0.025515432,0,0
"USD","WIF","dogwifhat USD",2.3269503,2324263680,998845376
"USD","PYTH","Pyth Network USD",0.37483656,1358778368,3624988672
"USD","HLG","Holograph USD",0.0012142804,0,0
"USD","HONEY","HoneyFarm Finance USD",2.3606868,0,0
"USD","MOTHER","Mother Iggy USD",0.05855676,57745348,986143168
"USD","BTG","Bitcoin Gold USD",22.573595,395352224,17513924
"USD","EURS","STASIS EURO USD",1.0783507,133851288,124125936
"USD","BCUG","Blockchain Cuties Universe Governance USD",0.043605927,60084,1377891
"USD","SENT","Sentiment Token USD",0.01118839,0,0
"USD","TUSD","TrueUSD USD",0.9940974,492676224,495601568
"USD","HBAR","Hedera USD",0.04822863,1817256320,37680033792
"USD","MKR","Maker USD",1298.4127,1132197760,871986
"USD","XYM","Symbol USD",0.0129340375,78891480,6099524608
"USD","NEXO","Nexo USD",1.0105486,652961728,646145856
"USD","YFI","yearn.finance USD",4830.408,162152336,33569
"USD","ALPACA","Alpaca Finance USD",0.13529733,20412700,150872912
"USD","USDC","USDC USD",1.0001041,35917742080,35914002432
"USD","WAVES","Waves USD",1.0032117,116486960,116114032
"USD","OMG","OMG Network USD",0.24757852,34721748,140245392
"USD","DAI","Dai USD",0.9998774,5364724736,5365382656
"USD","GALA","Gala USD",0.020399226,721143808,35351527424
"USD","YGG","Yield Guild Games USD",0.45918036,177758416,387121152
"USD","HIFI","HiFi Gaming Society USD",0.0000034939374,0,0
"USD","KNC","Kyber Network Crystal v2 USD",0.4356462,81134528,186239504
"USD","JAM","Tune.FM USD",0.000052384734,480981,9181708288
"USD","LUNC","Terra Classic USD",0.00009050116,493664928,5454791442432
"USD","USDP","Pax Dollar USD",1.0006868,110174640,110099032
"USD","STX","Stox USD",0.0037533122,0,0
"USD","SPELL","Spell Token USD",0.0005480181,82669104,150851043328
"USD","EDEN","Eden USD",0.020190142,267168,13232627
"USD","AGLD","Adventure Gold USD",1.3544227,104710424,77310000
"USD","NYM","NYM USD",0.07289804,58544652,803103232
"USD","PHA","Phala Network USD",0.10431283,79459824,761745408
"USD","XCH","Chia USD",13.534461,187379056,13844589
"USD","ALD","Aludra Network USD",0.0002429025,0,0
"USD","OGN","Origin Protocol USD",0.09173006,62485992,681194304
"USD","IRIS","IRISnet USD",0.014192081,23048576,1624044800
"USD","MBOX","MOBOX USD",0.14862935,58683296,394829792
"USD","GBK","Goldblock USD",0.0005181103,0,0
"USD","GTC","Game.com USD",0.00046233324,0,0
"USD","PERP","Perpetual Protocol USD",0.63253194,41748472,66002156
"USD","KSM","Kusama USD",16.856474,264375792,15683932
"USD","USTC","TerraClassicUSD USD",0.022203293,123552736,5564613120
"USD","STPT","STP USD",0.04102775,79693136,1942420224
"USD","PWAR","PolkaWar USD",0.00096873555,80232,82822168
"USD","CRU","Crust Network USD",0.35363948,4999956,14138569
"USD","XCN","Cryptonite USD",0.00074333156,0,0
"USD","CFX","Conflux USD",0.14875673,674854464,4536631808
"USD","BAL","Balancer USD",1.9204837,116450384,60635968
"USD","YAM","YAM V1 USD",0.03328895,0,0
"USD","BICO","Biconomy USD",0.2495741,217452416,871294016
"USD","OCT","OracleChain USD",0.014156667,0,0
"USD","JASMY","JasmyCoin USD",0.01948326,962375680,49394999296
"USD","MIOTA","IOTA USD",0.15239535,423587488,2779530240
"USD","UMA","UMA USD",2.3124275,198838704,85987000
"USD","CIND","Cindrum USD",0.00007203463,0,0
"USD","DS","DiamondShiba USD",3.3361184e-7,0,0
"USD","BAAS","BaaSid USD",0.00033815246,2502328,7400000000
"USD","BTM","BytomDAO USD",0.004100348,6726685,1640515584
"USD","FSN","Fusion USD",0.039456386,3044933,77172136
"USD","DPR","Deeper Network USD",0.0020081648,5658857,2817924352
"USD","FORTH","Ampleforth Governance Token USD",2.9900825,42649200,14263553
"USD","NNN","Ninenoble USD",3.370896e-12,0,0
"USD","FITFI","Step App USD",0.0025763675,6518209,2529999872
"USD","DPET","My DeFi Pet USD",0.02384118,993173,41657920
"USD","UQC","Uquid Coin USD",5.1420665,51420664,10000000
"USD","GRIN","Grin USD",0.02551338,2505742,98212864
"USD","STC","Student Coin USD",0.0059918035,31892856,5322747392
"USD","CHESS","ChessCoin USD",0.07070358,0,0
"USD","PANDO","Pando USD",0.00015136007,0,0
"USD","LKN","LinkCoin Token USD",0.00013706589,0,0
"USD","PBR","PolkaBridge USD",0.026970534,2023707,75033992
"USD","API3","API3 USD",1.5643042,135190272,86421976
"USD","SLP","Smooth Love Potion USD",0.002740892,112956704,41211654144
"USD","DZOO","Degen Zoo USD",0.004392933,0,0
"USD","UNIBOT","Unibot USD",0.017421443,0,0
"USD","OKT","OKT Chain USD",6.7596283,0,0
"USD","SEI","Sei USD",0.3881925,1565602048,4033055488
"USD","SXP","Solar USD",0.2782554,173280160,622737792
"USD","ETHA","ETHA Lend USD",0.0022736897,21280,9359425
"USD","ALCX","Alchemix USD",14.621383,34382384,2351513
"USD","NULS","NULS USD",0.3020923,33366056,110449864
"USD","TKO","Toko Token USD",0.31076905,52483156,168881552
"USD","TRB","Tellor USD",59.238964,155384688,2623015
"USD","BURGER","BurgerCities USD",0.3908014,23393754,59860976
"USD","RFD","RefundCoin USD",0.0000042460106,0,0
"USD","HAHA","Hasaki USD",0.0000057732796,0,0
"USD","CVC","Civic USD",0.123145856,123145856,1000000000
"USD","POND","Marlin USD",0.010688181,86439336,8087375872
"USD","LUNA","Luna Coin USD",1.192089,2034215,1706429
"USD","FEI","Fei USD USD",0.9828546,6730464,6847874
"USD","SKL","SKALE USD",0.03575024,198016816,5538894336
"USD","UNFI","Unifi Protocol DAO USD",1.3315035,12714061,9548650
"USD","ZEN","Horizen USD",7.5729313,118289752,15620075
"USD","POSI","Position Exchange USD",0.006305475,503754,79891584
"USD","ARPA","ARPA USD",0.0443417,67381056,1519586560
"USD","MYRIA","Myriad Social USD",0.00011962611,0,0
"USD","MLN","Enzyme USD",16.021748,42739516,2667593
"USD","FOR","ForTube USD",0.0032890649,2614806,795000000
"USD","ACS","ACryptoS USD",0.2522731,0,0
"USD","CORE","cVault.finance USD",3636.3062,0,0
"USD","BDP","BidiPass USD",0.00031766066,122817,386631328
"USD","BZZ","Swarm USD",0.49788818,26189246,52600660
"USD","WIFI","Wifi Coin USD",0.0016779912,0,0
"USD","GHST","Aavegotchi USD",0.89977914,47461372,52747800
"USD","TLM","Alien Worlds USD",0.009620097,46630292,4847175168
"USD","FLM","Flamingo USD",0.055923585,35295380,631135872
"USD","REN","Ren USD",0.034239825,34209952,999127488
"USD","WSM","Wall Street Memes USD",0.00094209064,1783182,1892793088
"USD","KINE","KINE USD",0.011835321,239214,20211924
"USD","KAI","KardiaChain USD",0.0022724178,10850795,4775000064
"USD","ORBS","Orbs USD",0.02397745,75953856,3167720448
"USD","RACA","RACA USD",0.00018279078,74450160,407297130496
"USD","CVP","PowerPool USD",0.12091173,5162418,42695760
"USD","ILV","Illuvium USD",34.527283,174029488,5040347
"USD","ENS","Ethereum Name Service USD",17.225622,587581632,34110908
"USD","RSR","Reserve Rights USD",0.0065407567,343776992,52559204352
"USD","SOFI","RAI Finance USD",0.009664033,5088626,526553088
"USD","PEOPLE","ConstitutionDAO USD",0.06390333,323359648,5060137472
"USD","MXC","Moonchain USD",0.004949761,13190944,2664965888
"USD","FLOW","Flow USD",0.5310173,818755712,1541862528
"USD","GLM","Golem USD",0.30005264,300052640,1000000000
"USD","STI","Seek Tiger USD",0.00014997028,0,0
"USD","NEST","NEST Protocol USD",0.00079505,2314982,2911744000
"USD","CEEK","CEEK VR USD",0.026919264,21689330,805717760
"USD","XIV","Planet Inverse USD",0.0035108498,117387,33435498
"USD","GODS","Gods Unchained USD",0.17725153,58517624,330138880
"USD","LON","Tokenlon Network Token USD",0.96549857,111237560,115212560
"USD","LPT","Livepeer USD",10.489437,374045952,35659300
"USD","UDO","Unido EP USD",0.0033937122,342960,101057664
"USD","FLUX","Flux USD",0.5183838,194056368,374348832
"USD","BABYDOGE","Baby Doge Coin USD",2.3006552e-9,367469184,159723717704810500
"USD","DODO","DODO USD",0.1096716,79589056,725703424
"USD","XMR","Monero USD",162.31801,2994238720,18446744
"USD","ADM","ADAMANT Messenger USD",0.027908985,3080337,110370832
"USD","CELO","Celo USD",0.6118143,338843200,553833408
"USD","EGX","Enegra (EGX) USD",200.56563,0,0
"USD","XAUT","Tether Gold USD",2679.0764,660456640,246524
"USD","EURT","Tether EURt USD",1.0667665,38816792,36387340
"USD","ROSE","Oasis USD",0.0651027,459894080,7064132608
"USD","ZUSHI","ZUSHI USD",0.000033900673,0,0
"USD","REI","Zerogoki USD",0.05929394,0,0
"USD","PLY","PlayNity USD",0.001428746,0,0
"USD","1CAT","Bitcoin Cats USD",0.0013357697,0,0
"USD","XIN","Infinity Economics USD",0.00038515998,0,0
"USD","ACA","Acala Token USD",0.056446377,64278312,1138749952
"USD","BCCOIN","BlackCardCoin USD",0.33350146,3335014,10000000
"USD","AR","Arweave USD",15.230407,999913792,65652464
"USD","MUSK","MuskSwap USD",1.3338003e-7,0,0
"USD","GAS","Gas USD",3.752407,243877696,64992332
"USD","LIT","Lition USD",0.00021676654,0,0
"USD","VOLT","Bitvolt USD",0.0007434493,0,0
"USD","BITCI","Bitcicoin USD",0.00074828847,5768427,7708828160
"USD","STRM","Instrumental Finance USD",0.025565116,0,0
"USD","SNFT","Spain National Fan Token USD",0.02563173,587055,22903472
"USD","MCL","McLaren F1 Fan Token USD",0.010006951,0,0
"USD","KENDU","Kendu Inu USD",0.000054278924,51479660,948428144640
"USD","TERA","TERA USD",0.0009675026,0,0
"USD","INVI","Invitoken USD",0.40619528,0,0
"USD","HZM","HZM Coin USD",0.0003502326,0,0
"USD","MOB","MobileCoin USD",0.40360186,80331824,199037312
"USD","SC","Siacoin USD",0.0044568954,257342880,57740390400
"USD","X2Y2","X2Y2 USD",0.003712015,0,0
"USD","ASTR","Astar USD",0.055003185,406842176,7396702208
"USD","GLMR","Moonbeam USD",0.1634485,149683120,915781504
"USD","KISHU","Kishu Inu USD",2.9187747e-10,27184328,93136099525787650
"USD","HAN","HanChain USD",0.0062904414,527274,83821504
"USD","CYCE","Crypto Carbon Energy USD",0.22609587,0,0
"USD","TURT","Turtle Racing USD",0.00006257141,0,0
"USD","DEVVE","Devve USD",0.36997843,23428688,63324468
"USD","APRIL","April USD",0.00052221335,44004,84265544
"USD","PURSE","Pundi X PURSE USD",0.00014830758,0,0
"USD","ORAI","Oraichain USD",5.74696,79444248,13823700
"USD","LYVE","Lyve Finance USD",0.07219128,0,0
"USD","NKN","NKN USD",0.06811542,53166608,780537088
"USD","ORDS","Ordiswap USD",0.0017799689,0,0
"USD","GROK","Grok USD",0.0000010713069,0,0
"USD","FOTTIE","Fottie USD",0.0000017399582,0,0
"USD","G3","GAM3S.GG USD",0.05675307,9828301,173176560
"USD","TAONU","TAO INU USD",0.0067265383,0,0
"USD","SUPER","SuperCoin USD",0.00019976145,10828,54206652
"USD","MOBY","Moby Dick V2 USD",0.0002513751,0,0
"USD","KARRAT","KARRAT USD",0.4976096,71350064,143385632
"USD","COPI","Cornucopias USD",0.026742075,24519724,916896832
"USD","ALVA","Alvara Protocol USD",0.09655559,1312082,13588879
"USD","ANI","Anime Token USD",0.0009323893,0,0
"USD","YAWN","YAWN [Old] USD",0.000023515617,0,0
"USD","NUTS","Squirrel Finance USD",0.061648566,29759,482722
"USD","GEKKO","Gekko HQ USD",0.0000019557122,0,0
"USD","CORGIAI","CorgiAI USD",0.0007874012,0,0
"USD","SKAI","Skillful AI USD",0.02766847,792822,28654372
"USD","THREE","Three Protocol Token USD",0.078869745,6703928,85000000
"USD","TITANX","TitanX USD",0.0000010707365,0,0
"USD","MUSIC","Smart Music USD",0.0023727475,0,0
"USD","PFI","PrimeFinance USD",14.92751,0,0
"USD","DOGWIFHAT","dogwifhat USD",0.010082743,0,0
"USD","WORK","The Employment Commons Work Token USD",0.027941901,0,0
"USD","CGV","Cogito Finance USD",0.02807152,2716984,96787936
"USD","KLAUS","Klaus USD",0.013700431,13700431,1000000000
"USD","TOPIA","Utopia USD",0.000461102,0,0
"USD","SHRAP","Shrapnel USD",26.794796,0,0
"USD","NIZA","Niza Global USD",0.000119394004,865678,7250599936
"USD","PANDORA","Pandora USD",1473.422,14734219,10000
"USD","LCX","LCX USD",0.1017216,78486840,771584768
"USD","KIZUNA","KIZUNA USD",1.4004534e-8,0,0
"USD","CTA","cybertrashanimal USD",0.00019245598,0,0
"USD","NEXT","NEXT USD",0.061179083,381069,6228753
"USD","BSSB","BitStable USD",0.123587124,0,0
"USD","LILA","LiquidLayer USD",0.02322753,0,0
"USD","SMX","Somax USD",6.667089e-12,0,0
"USD","OVR","OVR USD",0.13173442,6717753,50994672
"USD","CATCOIN","CatCoin USD",2.4695805e-12,0,0
"USD","WAT","Wat USD",0.000011001286,4628131,420690001920
"USD","FURIE","FURIE USD",4.8573913e-8,0,0
"USD","PIRATE","PirateCash USD",0.020176388,548058,27163340
"USD","T","Threshold USD",0.020897524,208827152,9992912896
"USD","URQA","UREEQA USD",0.0013997107,38772,27700088
"USD","CAGA","Crypto Asset Governance Alliance USD",0.00015304684,9411167,61492072448
"USD","RAKE","RakeIn USD",0.0023315777,0,0
"USD","BADGER","Badger DAO USD",2.9643886,60150652,20291082
"USD","UNCX","UNCX Network USD",300.09586,13976301,46572
"USD","SURE","inSure DeFi USD",0.0031614855,84696400,26790064128
"USD","MCRT","MagicCraft USD",0.00089748093,3916838,4364257792
"USD","BLANK","BlockWallet USD",0.013158451,255205,19394814
"USD","TOAD","TOAD.Network USD",1.9203542,0,0
"USD","ANDY","ANDY USD",3.8513054e-8,0,0
"USD","HYVE","Hyve USD",0.012536213,321504,25646076
"USD","AVI","Avidax Finance USD",5.822099e-7,0,0
"USD","YOURAI","YOUR AI USD",0.007406917,0,0
"USD","WTAO","Wrapped TAO USD",520.1364,75971440,146060
"USD","PEW","pepe in a memes world USD",0.000001499469,0,0
"USD","AVAIL","Avail USD",0.11545217,212352976,1839315584
"USD","MATT","Matt Furie USD",0.0000028093211,1181853,420690001920
"USD","RETIK","Retik Finance USD",0.003754444,0,0
"USD","UFO","Uniform Fiscal Object USD",0.000017536007,0,0
"USD","MICKEY","Mickey Mouse USD",2.517476e-12,0,0
"USD","SHIV","Shiva Inu USD",7.745478e-9,0,0
"USD","COOKIE","CookieSale USD",0.0000393008,0,0
"USD","TRIBL","Tribal Finance USD",0.2280952,17996424,78898736
"USD","QKC","QuarkChain USD",0.008196379,57826384,7055113728
"USD","BUBBLE","Bubble USD",0.0027981831,2326230,831335872
"USD","JANET","Janet USD",0.00036782344,367823,1000000000
"USD","DSLA","DSLA Protocol USD",0.00015701914,862318,5491803136
"USD","RBC","Rubic USD",0.013500544,2231418,165283584
"USD","FUNG","Fungify USD",0.009159473,0,0
"USD","NFTX","NFTX USD",23.20982,3669497,158101
"USD","XEN","XEN Crypto USD",8.438301e-8,0,0
"USD","QANX","QANplatform USD",0.024965094,0,0
"USD","EXVG","Exverse USD",0.014063906,452295,32160000
"USD","LL","LightLink USD",0.018343102,1498084,81670184
"USD","HIPP","El Hippo USD",6.5296885e-10,0,0
"USD","TEL","Telcoin USD",0.0016321989,149590080,91649417216
"USD","RARI","RARI USD",1.4918016,36865480,24712054
"USD","ROKO","Roko USD",0.000038613452,0,0
"USD","GFY","go fu*k yourself. USD",5.6940297e-7,0,0
"USD","COBE","Castle of Blackwater USD",0.054928005,410596,7475175
"USD","FRBK","FreeBnk USD",0.018076701,0,0
"USD","SNSY","Sensay USD",0.0013601112,0,0
"USD","SAMA","Moonsama USD",0.0043825046,0,0
"USD","SHOOT","Mars Battle USD",0.0015880209,145674,91733592
"USD","BLKC","BlackHat USD",0.0050030267,54391,10871683
"USD","AXGT","AxonDAO Governance Token USD",0.16728361,0,0
"USD","AIOZ","AIOZ Network USD",0.43034643,488164128,1134351488
"USD","PATTON","Patton USD",5.1724516e-7,0,0
"USD","XYO","XYO USD",0.0053157117,71638504,13476747264
"USD","KANG","Kangamoon USD",0.002959903,0,0
"USD","STRDY","Sturdy USD",1.2784914,0,0
"USD","ABOND","ApeBond USD",0.0043357066,625567,144282784
"USD","DOGEVERSE","DogeVerse USD",0.000017546878,0,0
"USD","SHROOM","Niftyx Protocol USD",0.010884399,559306,51386056
"USD","BASEDAI","BasedAI USD",2.4358695,84279664,34599420
"USD","JNGL","Jungle Labz USD",0.20761093,0,0
"USD","REEF","Reef USD",0.0013880535,31677338,22821408768
"USD","LTX","Lattice Token USD",0.058522336,1676893,28653896
"USD","MOLLARS","MollarsToken USD",0.074977785,0,0
"USD","NOIA","Synternet USD",0.03739398,8910301,238281696
"USD","ZENT","Zentry USD",0.017528277,106915384,6099594752
"USD","SXCH","SolarX USD",0.0119310105,337856,28317480
"USD","HEX","HEX USD",0.0020312269,0,0
"USD","FUKU","FuruKuru USD",0.0000012939599,0,0
"USD","RGAME","RGAMES USD",0.0005551935,0,0
"USD","PARAM","Param USD",0.008435631,0,0
"USD","OCAI","Onchain AI USD",0.0015551811,0,0
"USD","TET","Tectum USD",9.474786,72802944,7683861
"USD","BIRD","Birdchain USD",0.0007420879,207634,279797504
"USD","JJ","JEJE USD",3.3093381e-9,0,0
"USD","AMP","Amp USD",0.0037035053,298956480,80722575360
"USD","MASA","Masa USD",0.06534917,23344748,357230976
"USD","BFC","Bit Financial USD",7.477941e-7,0,0
"USD","PBUX","Playbux USD",0.016083032,0,0
"USD","BLOX","Blox Token USD",0.0013056422,0,0
"USD","ENQAI","enqAI USD",0.028715767,0,0
"USD","GEMS","Safegem USD",4.159669e-12,0,0
"USD","XRGB","XRGB USD",0.012257148,0,0
"USD","BOBO","Bobo Cash USD",4.821091e-7,166322,344989728768
"USD","CHAIN","Chain Games USD",0.014819615,0,0
"USD","BYTE","BTC Network Demand Set II USD",323.75,0,0
"USD","KEY","SelfKey USD",0.003368692,20212152,6000000000
"USD","SMARTCREDIT","SmartCredit Token USD",0.28056526,0,0
"USD","ALPH","Alephium USD",1.2286866,110611392,90024088
"USD","GEMAI","Next Gem AI USD",0.0014282005,0,0
"USD","DEAI","Zero1 Labs USD",0.6992102,63782824,91221248
"USD","INSP","Inspect USD",0.04888851,7864961,160875472
"USD","HEZ","Hermez Network USD",3.904078,18349166,4700000
"USD","GSWIFT","GameSwift USD",0.051910046,3250685,62621512
"USD","SKYA","Sekuya Multiverse USD",0.0028895435,722712,250113168
"USD","NMR","Numeraire USD",15.030885,110404048,7345146
"USD","LNDX","LandX Finance USD",0.2733458,2429716,8888802
"USD","NXRA","Nexera USD",0.025928155,21279592,820713728
"USD","ELON","Dogelon Mars USD",1.44027e-7,79164840,549652768227328
"USD","NYANTE","Nyantereum International USD",9.485854e-11,0,0
"USD","SATO","Satoru Inu USD",6.5402594e-10,0,0
"USD","QORPO","QORPO WORLD USD",0.09020736,8358783,92661880
"USD","CONAN","Conan USD",0.0000023143791,0,0
"USD","AKITA","Akita Inu USD",1.06738504e-7,7265854,68071540654080
"USD","CARD","Cardstack USD",0.0006483723,0,0
"USD","PUFFER","Puffer USD",0.2852072,29178612,102306720
"USD","AZUR","Azuro Protocol USD",0.08282206,13400655,161800544
"USD","DXY","US Degen Index 6900 USD",0.0012281439,0,0
"USD","BCDT","EvidenZ USD",0.033442874,0,0
"USD","FLT","Fluence USD",0.23938237,21324636,89081896
"USD","ORBK","Ordibank USD",0.0008937022,0,0
"USD","GNUS","GENIUS AI USD",6.6416793,0,0
"USD","LAY3R","AutoLayer USD",0.1500774,0,0
"USD","MNW","Morpheus.Network USD",0.29215893,13784062,47180012
"USD","FOOM","FOOM USD",3.1987927e-8,0,0
"USD","KAS","Kaspa USD",0.117510416,2949123328,25096695808
"USD","BEFI","BeFi Labs USD",0.012237401,582062,47564208
"USD","ORAIX","OraiDEX USD",0.007431061,0,0
"USD","SKO","Sugar Kingdom Odyssey USD",0.0023656508,0,0
"USD","PORA","PORA AI USD",0.000001031841,0,0
"USD","KEL","KelVPN USD",0.005042821,0,0
"USD","SORA","SorachanCoin USD",0.023460347,0,0
"USD","PNDC","Pond Coin USD",7.9070325e-8,0,0
"USD","ANYONE","ANyONe Protocol USD",0.8117908,75845656,93430048
"USD","LAI","LaikaDog USD",3.038349e-7,0,0
"USD","MMX","MyMetaX USD",8.7793273e-7,0,0
"USD","CHOPPY","Choppy USD",7.984261e-7,0,0
"USD","FJO","Fjord Foundry USD",0.35855007,0,0
"USD","TROG","Trog USD",0.000002395185,1007630,420690001920
"USD","XBLAZE","Trailblaze USD",0.0019010998,0,0
"USD","SEXY","EthXY USD",0.28743723,0,0
"USD","TOWER","TOWER USD",0.0014448729,2512575,1738959232
"USD","KOAI","KOI USD",0.0019177417,157679,82221424
"USD","BYTES","Neo Tokyo USD",4.358807,0,0
"USD","OCH","Orchai USD",0.24232619,0,0
"USD","DPI","DeFi Pulse Index USD",83.48005,46663960,558983
"USD","RBX","RBX USD",0.0006744942,0,0
"USD","TWT","Trust Wallet Token USD",0.9913295,413037312,416649888
"USD","BELLS","Bellscoin USD",1.3150331,71648160,54483924
"USD","BNSD","BNSD Finance USD",0.00029269065,0,0
"USD","LKI","Laika AI USD",0.008022791,0,0
"USD","BVM","Base Velocimeter USD",0.019758912,0,0
"USD","MAZZE","Mazze USD",0.0015215634,0,0
"USD","BDID","BDID USD",0.00030018162,0,0
"USD","TBANK","TokenBank USD",0.00054769014,0,0
"USD","VELAR","Velar USD",0.061465915,0,0
"USD","FURY","Engines of Fury USD",0.11762686,0,0
"USD","SSNC","SatoshiSync USD",0.0018522249,0,0
"USD","COLON","Colon USD",0.00082213193,0,0
"USD","TRUF","Truflation [Old] USD",0.075246796,0,0
"USD","RFRM","Reform DAO USD",0.1450555,0,0
"USD","NIHAO","NiHao USD",1.580962e-10,0,0
"USD","ALU","Altura USD",0.020321943,20118724,990000000
"USD","UBT","Unibright USD",0.041296083,6194412,150000000
"USD","DEXT","DEXTools USD",0.59677845,46432516,77805280
"USD","FWT","Freeway Token USD",0.000047421632,474216,10000000000
"USD","MOCA","Museum of Crypto Art USD",3.0111275,0,0
"USD","UBXS","UBXS Token USD",0.09384691,5363826,57155072
"USD","BD20","BRC-20 DEX USD",0.00027099677,0,0
"USD","PEPECOIN","PepeCoin USD",2.560626,306857824,119837032
"USD","FI","Fideum USD",0.0060489085,0,0
"USD","WISE","Wise Token USD",0.16552827,0,0
"USD","OPN","Open Source Network USD",0.001911428,0,0
"USD","SPARKLET","Upland (SPARKLET) USD",0.053476535,7501485,140276192
"USD","IOTX","IoTeX USD",0.039116245,369310912,9441369088
"USD","INST","Instadapp USD",2.194856,0,0
"USD","SNPAD","SNP adverse USD",0.024510192,0,0
"USD","MK","Meme Kombat USD",0.04400056,0,0
"USD","GLQ","Graphlinq Chain USD",0.0909182,30912176,339999904
"USD","CHKN","Chicken Zilla USD",0.000025087234,0,0
"USD","MZERO","MetaZero USD",0.01473139,0,0
"USD","PLANET","PLANET USD",1.034647e-10,0,0
"USD","HARRIS","Kamala Harris (kamalaharris2024.club) USD",3.22918e-13,0,0
"USD","NMT","NFTMart Token USD",0.00041100843,0,0
"USD","CELL","Cellframe USD",0.51886535,14839116,28599168
"USD","WPOKT","Wrapped POKT USD",0.042079173,3894514,92552072
"USD","ABE","ABE USD",0.00073151325,0,0
"USD","MAGANOMICS","Maganomics USD",0.0000010900889,0,0
"USD","SFI","saffron.finance USD",20.877245,1908670,91423
"USD","FLIP","Chainflip USD",1.2821903,0,0
"USD","BAD","Bad Idea AI USD",1.2354906e-8,6473169,523935074484224
"USD","EMRLD","The Emerald Company USD",0.0033418331,0,0
"USD","SAVM","SatoshiVM USD",0.617245,0,0
"USD","SAITO","Saito USD",0.0058085527,11496823,1979292288
"USD","BCUT","bitsCrunch USD",0.02102279,5867184,279086848
"USD","VIDYA","Vidya USD",0.043399986,1647264,37955412
"USD","PUPPIES","I love puppies USD",4.1817433e-8,0,0
"USD","EGOD","egoD USD",0.000038347654,0,0
"USD","ORFY","Ordify USD",0.048952825,0,0
"USD","ROOT","Rootkit Finance USD",1547.8436,0,0
"USD","SIMPSON","Homer USD",2.6066187e-12,0,0
"USD","OCC","Occam.Fi USD",0.08100246,0,0
"USD","TROY","TROY USD",0.004252534,36678104,8625000448
"USD","EXRD","e-Radix USD",0.015204703,18629302,1225232896
"USD","CTSI","Cartesi USD",0.12455346,104204000,836620672
"USD","ASTX","Asterix Labs USD",414.50497,4145049,10000
"USD","1000SATS","SATS USD",0.00023107616,485259936,2100000063488
"USD","ATA","Automata Network USD",0.08227976,44258360,537900992
"USD","OOKI","Ooki Protocol USD",0.00011989029,1644307,13715102720
"USD","GMT","Gambit USD",0.69603837,0,0
"USD","MEME","Memetic / PepeCoin USD",0.011133029,0,0
"USD","AI","Flourishing AI USD",0.02023767,0,0
"USD","LQTY","Liquity USD",0.9231054,86978848,94224176
"USD","PYR","Vulcan Forged (PYR) USD",2.4035962,93441944,38875892
"USD","EURI","Eurite USD",1.0737966,42544284,39620432
"USD","STMX","StormX USD",0.0051558753,63146452,12247474176
"USD","MOVR","Moonriver USD",9.350559,86189560,9217584
"USD","COMBO","COMBO USD",0.38906327,27643624,71051744
"USD","LSK","Lisk USD",0.7923351,128433480,162094896
"USD","AST","AirSwap USD",0.07966136,13899277,174479536
"USD","STEEM","Steem USD",0.16737632,79605032,475605088
"USD","CYBER","Cyberpunk City USD",0.03988884,0,0
"USD","SLF","Self Chain USD",0.2838435,27532818,97000000
"USD","ALPINE","Alpine F1 Team Fan Token USD",1.5237714,17310044,11360000
"USD","FUN","FUNToken USD",0.0022439575,24331682,10843201536
"USD","AEUR","Anchored Coins AEUR USD",1.0730894,61176400,57009604
"USD","BNX","BinaryX (old) USD",62.216984,0,0
"USD","BEAM","Beam USD",0.039152093,5902317,150753568
"USD","BLZ","Bluzelle USD",0.09893083,44499164,449800768
"USD","PORTO","FC Porto Fan Token USD",2.061163,14877899,7218206
"USD","SAGA","CryptoSaga USD",0.010716833,0,0
"USD","WBETH","Wrapped Beacon ETH USD",2778.8167,4369203712,1572325
"USD","NFP","New Frontier Presents USD",0.0070021446,0,0
"USD","ALT","Alt.Estate token USD",0.00033949065,245852,724180736
"USD","FDUSD","First Digital USD USD",0.99989337,2356460544,2356711680
"USD","TAO","Together As One USD",1.2702465e-7,0,0
"USD","IQ","IQ USD",0.0058199493,113177216,19446425600
"USD","PIXEL","PixelVerse USD",0.00069723104,0,0
"USD","NTRN","Neutron USD",0.000687069,26879,39121696
"USD","WAXP","WAX USD",0.03135995,111676856,3561129984
"USD","POLYX","Polymesh USD",0.21922243,197606688,901398208
"USD","DGB","DigiByte USD",0.0058273748,101098224,17348845568
"USD","ATM","Atletico De Madrid Fan Token USD",1.9653679,10465148,5324778
"USD","ARK","Ark USD",0.52797663,97451456,184575312
"USD","STRAX","Stratis [Old] USD",0.045131348,0,0
"USD","UTK","xMoney USD",0.033194162,23372412,704112128
"USD","RARE","Unique One USD",0.0033818143,0,0
"USD","VITE","VITE USD",0.010739149,11863743,1104719104
"USD","NANO","Nanomatic USD",0.0018300182,0,0
"USD","THETA","Theta Network USD",1.18353,1183529984,1000000000
"USD","AMB","AirDAO USD",0.0057839775,20257156,3502288128
"USD","BEL","Bella Protocol USD",0.5222646,37746348,72274376
"USD","BAKE","BakeryToken USD",0.23275141,67444496,289770496
"USD","VIDT","VIDT Datalink USD",0.03768269,0,0
"USD","TRU","Truebit USD",0.13934621,0,0
"USD","MAV","Maverick Protocol USD",0.15287915,65746860,430057760
"USD","ARDR","Ardor USD",0.08280831,82725456,998999488
"USD","OSMO","Osmosis USD",0.4249539,294204256,692320320
"USD","LAZIO","S.S. Lazio Fan Token USD",1.8223202,15671954,8600000
"USD","PIVX","PIVX USD",0.19424443,17049382,87772824
"USD","RLC","iExec RLC USD",1.5997485,115793864,72382552
"USD","DYM","Dymension USD",1.4742506,312503360,211974400
"USD","PAXG","PAX Gold USD",2668.7795,527273312,197570
"USD","XVS","Venus USD",6.8298903,112052608,16406209
"USD","MBL","MovieBloc USD",0.0025218627,45515972,18048552960
"USD","RIF","Rootstock Infrastructure Framework USD",0.09381786,93817864,1000000000
"USD","KDA","Kadena USD",0.53493285,158472736,296247872
"USD","PSG","Paris Saint-Germain Fan Token USD",2.8411553,34346744,12089007
"USD","RAD","Radworks USD",1.146081,59334324,51771496
"USD","ALPHA","Stella USD",0.07025174,62945560,896000000
"USD","ACE","ACE USD",0.0028011913,0,0
"USD","WRX","WazirX USD",0.117755756,44965844,381856864
"USD","COS","Contentos USD",0.006688454,34622508,5176458752
"USD","DATA","Streamr USD",0.034779042,37418904,1075903872
"USD","JUV","Juventus Fan Token USD",1.6435244,13936045,8479366
"USD","AERGO","Aergo USD",0.09693772,45076044,465000000
"USD","PORTAL","Portal USD",0.00008386745,0,0
"USD","PDA","PlayDapp USD",0.039789747,23945886,601810496
"USD","CITY","City Coin USD",0.08064356,0,0
"USD","OXT","Orchid USD",0.0645516,63246308,979779136
"USD","WAN","Wanchain USD",0.17463244,34635932,198336192
"USD","MINA","Mina USD",0.5229513,616327680,1178556416
"USD","ADX","AdEx USD",0.16832392,24246392,144046032
"USD","MTL","Metal DAO USD",0.91912234,72232808,78588896
"USD","LUMIA","Lumia USD",1.0466391,78496696,74998824
"USD","HIVE","Hive USD",0.18063417,90452424,500749248
"USD","VIC","Viction USD",0.33949268,32873332,96830752
"USD","GFT","Gifto USD",0.016506242,17119738,1037167552
"USD","AUCTION","Bounce Token USD",12.759617,84086608,6590057
"USD","AUDIO","Audius USD",0.12027313,153142736,1273291392
"USD","BNSOL","Binance Staked SOL USD",188.05351,439491776,2337057
"USD","CTK","Cryptyk Token USD",1.0111388,0,0
"USD","ASR","AS Roma Fan Token USD",2.0241416,14266325,7048086
"USD","LEVER","LeverFi USD",0.0017654691,59455220,33676728320
"USD","KLAY","Klaytn USD",0.12743951,0,0
"USD","VTHO","VeThor Token USD",0.0015398086,127075600,82526879744
"USD","DAR","Mines of Dalarnia USD",0.14991947,93088488,620923328
"USD","STG","StarGod USD",0.00032205545,0,0
"USD","PHB","Phoenix USD",1.785264,93616384,52438396
"USD","BSW","Biswap USD",0.05459957,28162582,515802272
"USD","SYS","Syscoin USD",0.09427375,75314256,798888896
"USD","CTXC","Cortex USD",0.20783585,46768108,225024256
"USD","SYN","SynLev USD",0.0059008705,72268,12247020
"USD","ICX","ICON USD",0.1300132,133929928,1030125632
"USD","ACM","Actinium USD",0.0024462484,114849,46949352
"USD","PROS","Pros.Finance USD",0.06170085,0,0
"USD","VIB","Viberate USD",0.0697665,13952950,199995008
"USD","BNT","Bancor USD",0.5197166,63784196,122728792
"USD","XVG","Verge USD",0.0037344964,61701168,16521951232
"USD","DENT","Dent USD",0.0008684302,86843024,99999997952
"USD","MDT","Measurable Data Token USD",0.04262724,28822708,676156992
"USD","STORJ","Storj USD",0.4515764,179763488,398079904
"USD","AXL","Axial Entertainment Digital Asset USD",0.0007198033,0,0
"USD","CREAM","Cream Finance USD",13.887911,25771226,1855659
"USD","SANTOS","Santos FC Fan Token USD",4.4405227,24627412,5546061
"USD","OAX","OAX USD",0.1621006,12487330,77034448
"USD","SNT","Status USD",0.024290133,95013344,3911602432
"USD","MAGIC","Magic Token USD",0.112928435,0,0
"USD","PROM","Prom USD",5.337461,97408664,18250000
"USD","BAR","FC Barcelona Fan Token USD",2.137066,27176808,12716879
"USD","REQ","Request USD",0.09237035,70998520,768628864
"USD","QI","QiSwap USD",0.003590787,0,0
"USD","SCRT","Secret USD",0.18649301,54597580,292759392
"USD","KP3R","Keep3rV1 USD",17.492878,7437587,425178
"USD","WING","WingShop USD",0.001829096,0,0
"USD","DCR","Decred USD",12.4914,205194416,16426856
"USD","FARM","Harvest Finance USD",39.872948,27394854,687053
"USD","TFUEL","Theta Fuel USD",0.053382933,359611424,6736449536
"USD","PUNDIX","Pundi X (New) USD",0.37216008,96200272,258491632
"USD","JOE","JOE USD",0.3216326,119640744,371979520
"USD","IDEX","IDEX USD",0.034489755,27850098,807489024
"USD","AVA","AVA USD",0.47028318,26106312,55511900
"USD","DEXE","DeXe USD",8.101942,462647168,57103248
"USD","CLV","CLV USD",0.027643247,27643248,1000000000
"USD","BIFI","Bitcoin File USD",0.00031439852,0,0
"USD","POWR","Powerledger USD",0.20280364,112916960,556779776
"USD","BETA","Beta Finance USD",0.044484347,38216100,859090880
"USD","KMD","Komodo USD",0.23058113,31348400,135953872
"USD","IDRT","Rupiah Token USD",0.00006293258,18321738,291132801024
"USD","DF","dForce USD",0.031952437,31950078,999926144
"USD","BOSON","Boson Protocol USD",0.22078913,30049320,136099632
"USD","LOOM","Loom Network USD",0.049532425,61384096,1239270912
"USD","GAL","Galatasaray Fan Token USD",1.7086889,11052716,6468536
"USD","FORT","Fortress USD",0.5205949,0,0
"USD","CUDOS","CUDOS USD",0.011750798,87111200,7413215744
"USD","TRAC","OriginTrail USD",0.64534634,267795360,414963776
"USD","BTRST","Braintrust USD",0.3158475,73922464,234044800
"USD","OCEAN","Ocean Protocol USD",0.5924473,0,0
"USD","PRIME","SolanaPrime USD",0.017207997,0,0
"USD","ZUZALU","Zuzalu Inu USD",0.0013308662,0,0
"USD","SIS","Symbiosis USD",0.08690592,5333242,61367996
"USD","POLS","Polkastarter USD",0.26324996,26117238,99210800
"USD","BLOK","Bloktopia USD",0.00064140174,11248032,17536641024
"USD","HERMES","Hermes Protocol USD",0.00005259813,0,0
"USD","F3","Friend3 USD",0.011958279,0,0
"USD","OORT","Oort Digital USD",0.23649788,0,0
"USD","GRASS","TouchGrass USD",7.160982e-8,0,0
"USD","CONV","Convergence USD",0.00009713584,381765,3930225664
"USD","BETH","Beacon ETH USD",2628.3628,265393680,100973
"USD","CHATAI","ChatAI Token USD",0.0019009688,0,0
"USD","FERC","FairERC20 USD",0.0088399565,0,0
"USD","STOG","Stooges USD",0.00027848006,0,0
"USD","GORA","Gora Network USD",0.045390874,0,0
"USD","SILLY","Silly Dragon USD",0.012883716,12883404,999975744
"USD","IRON","Iron USD",2.3057823,0,0
"USD","XPET","xPET tech USD",0.054536633,0,0
"USD","LSS","Lossless USD",0.051568612,2865805,55572672
"USD","VEMP","VEMP USD",0.0030370492,770303,253635520
"USD","WNCG","Nine Chronicles USD",0.0372897,14331000,384315232
"USD","CHO","Choise.ai USD",0.016416244,5238499,319104640
"USD","TIDE","Tidalflats USD",0.0006366861,0,0
"USD","FLUXB","Fluxbot USD",0.030210825,0,0
"USD","DOCK","Dock USD",0.0018114911,1587621,876417152
"USD","NUM","Numbers Protocol USD",0.041413646,28994368,700116224
"USD","PLQ","Planq USD",0.0066988007,0,0
"USD","CAW","CAW(A Hunters Dream) USD",5.845502e-8,0,0
"USD","WAGMIGAMES","WAGMI Games USD",0.000011622564,20971226,1804354715648
"USD","GRAM","Gram USD",0.0028079886,0,0
"USD","SOLC","Solcubator USD",0.00047491616,0,0
"USD","TOMI","TOMI USD",0.00084579573,0,0
"USD","REP","Augur USD",0.26368773,2900565,11000000
"USD","IZI","Izumi Finance USD",0.008160964,6425943,787400000
"USD","CFG","Centrifuge USD",0.29731485,149844240,503991808
"USD","ELA","Elastos USD",1.9399073,43321480,22331728
"USD","WILD","Wilder World USD",0.23079324,71729904,310797248
"USD","POKT","Pocket Network USD",0.044033486,72186112,1639345792
"USD","PROPS","Props Token USD",0.0024207574,1242728,513363584
"USD","SCPT","Script Network USD",0.009905075,5353450,540475584
"USD","FRIEND","Friend.tech USD",0.08442606,0,0
"USD","TRUMP","FreeTrump USD",0.0018512167,0,0
"USD","FTN","Fasttoken USD",2.9110646,887438784,304850240
"USD","DEP","DEAPcoin USD",0.00092256785,25856192,28026333184
"USD","OLE","OpenLeverage USD",0.00990127,1867682,188630576
"USD","PYUSD","PayPal USD USD",0.9997937,539075328,539186560
"USD","OX","OrcaX USD",0.00023626011,0,0
"USD","SPA","Sperax USD",0.0069034295,11678409,1691682304
"USD","HGPT","HyperGPT USD",0.028550675,17315876,606496192
"USD","LRDS","BLOCKLORDS USD",0.5013177,7170745,14303794
"USD","SEAM","Seamless USD",0.95809156,0,0
"USD","PMPY","Prometheum Prodigy USD",0.0033811731,1733748,512765440
"USD","AERO","Aerovek Aviation USD",0.0002735533,0,0
"USD","LITH","Lithium USD",0.00017776963,931907,5242220032
"USD","CHAPZ","Chappyz USD",0.0007337932,0,0
"USD","AIT","AICHAIN USD",0.0024606248,0,0
"USD","ARKI","ArkiTech USD",0.028424187,1745530,61410028
"USD","GRAIL","Grail USD",0.22584489,0,0
"USD","GARI","Gari Network USD",0.006446806,3079610,477695552
"USD","DMAIL","DMAIL Network USD",0.26133442,17831826,68233744
"USD","OLAS","Autonolas USD",2.4938958,121015488,48524680
"USD","IQT","IQ Protocol USD",0.0024014548,26564,11061937
"USD","DEFI","Defi USD",0.04604169,0,0
"USD","XB","XBlue Finance USD",0.0110014845,0,0
"USD","AURORA","HyperAurora USD",0.0012734702,0,0
"USD","GPU","Node AI USD",0.69019294,65579488,95016168
"USD","CEC","Counter Fire USD",0.016318873,0,0
"USD","THL","Thala USD",0.46273807,0,0
"USD","WAFFLES","Waffles Davincij15's Cat USD",0.009412177,8418878,894466560
"USD","HERO","FarmHero USD",0.0019686734,0,0
"USD","DOVI","Dovi(Ordinals) USD",0.058516838,0,0
"USD","STRUMP","Super Trump Coin USD",0.0033984466,6244246,1837382528
"USD","ARG","Argentine Football Association Fan Token USD",0.8102199,9669390,11934279
"USD","XDAO","XDAO USD",0.053986073,0,0
"USD","PUNDU","Pundu USD",0.005784097,0,0
"USD","BARS","Banksters Token USD",0.004308591,0,0
"USD","SAFE","SafeCoin USD",0.03069227,851252,27735062
"USD","FACTR","Defactor USD",0.03896916,0,0
"USD","TOKEN","TOKE.N USD",7.431675e-10,0,0
"USD","SWFTC","SwftCoin USD",0.0034761757,13922084,4004999936
"USD","NAO","NFTDAO USD",4.1926712e-10,0,0
"USD","GINNAN","Ginnan The Cat USD",0.0000019030679,13131166,6899998130176
"USD","CRH","Crypto Hunters Coin USD",0.001999343,0,0
"USD","PRIMAL","PRIMAL USD",0.0001503341,0,0
"USD","APFC","APF coin USD",0.8102697,0,0
"USD","WEMIX","WEMIX USD",0.7597557,313633216,412808032
"USD","SUKU","Suku USD",0.062648125,11176639,178403408
"USD","STARL","Starlink USD",7.8155335e-7,7799255,9979171962880
"USD","GEAR","Bitgear USD",0.0013190147,113762,86247928
"USD","SLN","Smart Layer Network USD",0.2798333,7179636,25656834
"USD","PIXFI","Pixelverse USD",0.0029859093,0,0
"USD","1EX","1ex Trading Board USD",0.0009181682,0,0
"USD","KAMA","Kamala Horris USD",0.0008303251,0,0
"USD","REDO","Resistance Dog USD",0.20934284,0,0
"USD","TABOO","TABOO TOKEN USD",0.00034477597,3372832,9782678528
"USD","COREDAO","coreDAO USD",1.6913317,0,0
"USD","FEAR","FEAR USD",0.04512588,799423,17715412
"USD","AURA","Aurora Finance USD",0.000017952078,0,0
"USD","MIR","MIR COIN USD",0.001910955,0,0
"USD","POPCAT","Popcat USD",4.6033233e-11,0,0
"USD","APU","Apreum USD",0.36737648,0,0
"USD","CARV","CARV USD",0.78979546,108171448,136961344
"USD","DMTR","Dimitra USD",0.11480346,55852248,486503168
"USD","NEMS","The Nemesis USD",0.011729051,0,0
"USD","RED","RED USD",0.00095910876,0,0
"USD","WHALES","Catalina Whales Index USD",0.30389658,0,0
"USD","RJV","Rejuve.AI USD",0.01120867,2957328,263842960
"USD","LAND","Landbox USD",0.00005012472,3828,76385232
"USD","SWCH","SwissCheese USD",0.33096725,12659107,38248820
"USD","LNQ","LinqAI USD",0.13228148,27199486,205618240
"USD","ALI","AiLink Token USD",0.000030786035,159595,5184020480
"USD","EQU","Equation USD",0.74405533,0,0
"USD","APEX","ApeXit Finance USD",0.003701788,0,0
"USD","APP","Dappsy USD",0.00021311364,0,0
"USD","RADAR","Radar USD",0.03131399,0,0
"USD","XPR","XPR Network USD",0.0008018896,21550122,26874177536
"USD","VENOM","Venom USD",0.07565824,74819888,988919296
"USD","ML","Mintlayer USD",0.12111093,7775153,64198608
"USD","BLASTUP","BlastUP USD",0.025023019,0,0
"USD","BEER","Beer Money USD",0.0005659419,22071,39000000
"USD","TENET","TENET USD",0.0038666674,0,0
"USD","5IRE","5ire USD",0.007382158,5523411,748210880
"USD","JWIF","Jerrywifhat USD",0.0006969175,0,0
"USD","UDS","Undeads Games USD",0.21545719,9867510,45798008
"USD","LEASH","Doge Killer USD",269.28168,28644522,106373
"USD","MUMU","Mumu USD",7.59074e-9,0,0
"USD","ASTO","Altered State Token USD",0.011078496,0,0
"USD","SFUND","Seedify.fund USD",1.2759526,79782064,62527448
"USD","RTF","Ready to Fight USD",0.020174656,0,0
"USD","OAS","Oasys USD",0.03223956,91444280,2836399616
"USD","BONE","Bone USD",0.000977306,0,0
"USD","LMWR","LimeWire USD",0.111915626,33685476,300989920
"USD","PAW","PAW USD",3.0017365e-8,0,0
"USD","BOBA","Boba Network USD",0.17507969,30047916,171624224
"USD","DCK","DexCheck AI USD",0.024006348,8148287,339422176
"USD","WELT","Fabwelt USD",0.003452851,790674,228991728
"USD","BEND","BendDAO USD",0.00036813784,762783,2072004608
"USD","HIP","HIPPO TOKEN USD",7.4107004e-7,0,0
"USD","BRWL","Blockchain Brawlers USD",0.0016493716,1649371,1000000000
"USD","BORA","BORA USD",0.087532215,96263552,1099750016
"USD","DOMI","Domi Online USD",0.012419804,0,0
"USD","TKST","TokenSight USD",0.027632214,0,0
"USD","SUIP","SuiPad USD",0.13533673,0,0
"USD","TOSHI","Toshimon USD",4.2635665,0,0
"USD","MSTAR","MerlinStarter USD",0.015430994,0,0
"USD","MCADE","Metacade USD",0.0071312003,9489871,1330753792
"USD","FOXY","Foxy Equilibrium USD",0.0035965156,0,0
"USD","DORA","Dora Factory (old) USD",2.2080848,11328757,5130580
"USD","CREO","Creo Engine USD",0.032406025,11350826,350268992
"USD","SSE","Soroosh Smart Ecosystem USD",0.002031284,0,0
"USD","DIMO","DIMO USD",0.14370733,35135840,244495792
"USD","CTC","Creditcoin USD",0.38424033,147196976,383085696
"USD","TONUP","TonUP USD",1.1512,0,0
"USD","DFC","Defi Connect (old) USD",6.7247474e-10,0,0
"USD","LABS","LABS Group USD",0.00011701951,259418,2216879616
"USD","BOZO","BOZO USD",1.5847709e-8,1154108,72824911822848
"USD","RIO","Realio Network USD",0.6407352,4208679,6568515
"USD","DCB","Decubate USD",0.02953713,11307222,382813824
"USD","SMH","Spacemesh USD",0.3143888,0,0
"USD","KNINE","K9 Finance USD",0.000007999341,1090831,136365129728
"USD","MEOW","Meowshi USD",0.000023987666,0,0
"USD","FP","FINANCE PROTOCOL USD",0.18673585,0,0
"USD","LEOX","LEOX USD",0.18742193,0,0
"USD","SNEK","SoliSnek USD",0.009950862,0,0
"USD","CATGPT","$CatGPT USD",5.4342447e-8,0,0
"USD","XDC","XDC Network USD",0.027695192,413570080,14932919296
"USD","LAT","PlatON USD",0.0074731815,45056260,6029060096
"USD","IVPAY","ivendPay USD",0.006504271,5604240,861624576
"USD","HMND","Humanode USD",0.079118356,2524329,31905740
"USD","AREA","Areon Network USD",0.04311082,5150087,119461600
"USD","KUNCI","Kunci Coin USD",0.0018417714,2270138,1232584320
"USD","EMAGIC","ElvishMagic USD",0.00019081475,124447,652191744
"USD","DSYNC","Destra Network USD",0.1763968,170675280,967564480
"USD","APTR","Aperture Finance USD",0.0049116216,0,0
"USD","SD","Stader USD",0.5826357,23750046,40763112
"USD","IQ50","IQ50 USD",0.0000054394573,0,0
"USD","GPT","Grace Period Token USD",20.00665,0,0
"USD","JONES","Jones DAO USD",0.12984271,0,0
"USD","LUIS","Tongue Cat USD",0.00022579455,0,0
"USD","SOLAMA","Solama USD",0.025686558,16795620,653868096
"USD","GOG","Guild of Guardians USD",0.022915028,15012414,655134016
"USD","LRT","LandRocker USD",0.0008887331,878789,988811712
"USD","NALS","NALS (Ordinals) USD",0.04817823,0,0
"USD","PSTAKE","pSTAKE Finance USD",0.039842863,17516956,439651040
"USD","EVMOS","Evmos USD",0.012214765,0,0
"USD","NEXA","Nexa USD",0.0000017306311,10140840,5859619897344
"USD","RPK","RepubliK USD",0.0052420106,4777939,911470784
"USD","SUNCAT","SUNCAT USD",0.002825841,2825841,1000000000
"USD","GTA","GTA Token USD",1.0036256,0,0
"USD","VEGA","Vega Protocol USD",0.0069680717,432348,62047132
"USD","GUMMY","Gummy Bull Token USD",0.00038566432,0,0
"USD","CANTO","CANTO USD",0.017885689,0,0
"USD","NEON","Neonic Finance USD",0.0002696659,0,0
"USD","GFI","Gravity Finance USD",0.0003975763,140053,352267200
"USD","SMT","SmartMesh USD",0.001028432,0,0
"USD","SLERF","SLERF USD",0.16890666,84452952,499997760
"USD","CSIX","Carbon browser USD",0.015354594,6089403,396585056
"USD","APES","ApeHaven USD",0.00004305489,0,0
"USD","UXLINK","UXLINK USD",0.7599907,129198416,170000000
"USD","IVFUN","Invest Zone USD",0.0053406446,5021375,940218880
"USD","VMPX","VMPX (Ordinals) USD",0.01759269,0,0
"USD","FIRE","Fireball USD",3.25203,63952,19665
"USD","PNT","Penta USD",0.0000028086436,59021,21014319104
"USD","ZEUS","ZeusNetwork USD",1.6493544e-7,11545,70000001024
"USD","ABT","Arcblock USD",1.4599181,143881216,98554304
"USD","CLORE","Clore.ai USD",0.08598461,21452442,249491632
"USD","ESE","Eesee USD",0.014005067,2549489,182040512
"USD","PUSH","Push Protocol USD",0.06803718,4107073,60365124
"USD","ELECTRON","Electron (Atomicals) USD",0.00398441,0,0
"USD","VGX","VGX Token USD",0.010607203,3634991,342690848
"USD","CVTX","Carrieverse USD",0.0045718495,949346,207650400
"USD","APRS","Apeiron USD",0.09375105,95168544,1015119808
"USD","SQR","Magic Square USD",0.039330147,4200722,106806680
"USD","THG","Thetan World USD",0.012227604,1388871,113584952
"USD","MILO","Milo Inu USD",1.9686155e-8,0,0
"USD","EPX","Ellipsis USD",0.000040242412,3052370,75849596928
"USD","BOND","BarnBridge USD",1.4814043,11718297,7910262
"USD","DNX","Dynex USD",0.30507737,29690820,97322264
"USD","CHAT","ChatCoin USD",0.0001315442,0,0
"USD","OKB","OKB USD",39.023243,2341394688,60000000
"USD","GFAL","Games for a Living USD",0.011929003,37345116,3130615040
"USD","GGTK","GGDApp USD",0.01723029,0,0
"USD","RLY","Rally USD",0.0033640084,17581312,5226298368
"USD","NAKA","Nakamoto Games USD",1.0535705,97943760,92963648
"USD","AZERO","Aleph Zero USD",0.32473013,86631160,266778944
"USD","NEVER","neversol USD",0.000021523769,1549715,72000200704
"USD","KTC","KTX.Finance USD",0.13967428,0,0
"USD","BENDOG","Ben the Dog USD",0.011681987,11679428,999780928
"USD","TROVE","TroveDAO USD",0.00006208656,0,0
"USD","DUKO","DUKO USD",0.00096481136,9323895,9663955968
"USD","ORCA","Orca USD",2.628181,138882096,52843432
"USD","NEWS","PUBLISH USD",0.00008105556,164812,2033332864
"USD","LPM","Love Power Market USD",4.996604,747948,149691
"USD","HMT","Human USD",0.020750228,0,0
"USD","O4DX","OrangeDX USD",0.017103255,0,0
"USD","ZKB","ZKBase USD",0.023238275,4588165,197440000
"USD","LOOT","NFTLootBox USD",12.481369,282066,22599
"USD","GGG","Good Games Guild USD",0.039994504,0,0
"USD","NFTB","PixelRealm USD",0.0018390401,458721,249435024
"USD","NOGS","Noggles USD",0.000016125596,467218,28973690880
"USD","EVERY","Everyworld USD",0.0024332984,2406092,988819264
"USD","MICHI","Michiverse USD",0.000018374913,0,0
"USD","ORNJ","Orange USD",0.06260309,5095892,81400000
"USD","STETH","Lido Staked ETH USD",2645.7861,25782700032,9744817
"USD","VLX","Velas USD",0.007969299,21128086,2651184896
"USD","QTLX","Quantlytica USD",0.089544564,0,0
"USD","COQ","Coq Inu USD",0.0000013316983,92446496,69420001001472
"USD","COW","CoinWind USD",0.0058008987,0,0
"USD","MEER","Qitmeer Network USD",0.008626384,0,0
"USD","DUREV","Povel Durev USD",0.017046833,1619449,95000000
"USD","LAMB","Lambda USD",0.0013986897,2302822,1646414208
"USD","ZERO","Zero Exchange USD",0.00019995352,0,0
"USD","SAMO","Samoyedcoin USD",0.007542887,27585352,3657134592
"USD","VIRTUAL","Virtuals Protocol USD",0.4248435,424843488,1000000000
"USD","KOIN","Koinon USD",0.0055015604,0,0
"USD","CETUS","Cetus Protocol USD",0.29907665,174974352,585048576
"USD","SMOLE","smolecoin USD",0.000046382116,0,0
"USD","SPURS","Tottenham Hotspur Fan Token USD",1.6082132,8976440,5581623
"USD","NGL","Gold Fever USD",0.066869065,0,0
"USD","SIN","SINOVATE USD",0.00027180536,180401,663717056
"USD","KOI","Koi Network USD",0.00014001438,2520,18000000
"USD","ORB","Orbitcoin USD",0.20727871,667565,3220616
"USD","PAAL","PAAL AI USD",0.27430198,224798160,819528064
"USD","BODEN","Jeo Boden USD",0.0029774918,0,0
"USD","CREDI","Credefi USD",0.01665266,12465747,748573888
"USD","PNK","Kleros USD",0.013522591,10502006,776626688
"USD","MAK","MetaCene USD",0.048708767,0,0
"USD","CATA","CATAMOTO USD",0.000008556198,0,0
"USD","BRG","Bridge Oracle USD",0.00010496653,839959,8002167296
"USD","FLR","Flare USD",0.0130505925,661771008,50708119552
"USD","AVIVE","Avive World USD",0.00023846321,0,0
"USD","SOLO","Sologenic USD",0.097404696,38956784,399947712
"USD","MTV","MultiVAC USD",0.0006327325,2269845,3587369472
"USD","ZKL","zkLink USD",0.12785427,17436126,136375008
"USD","TX20","Trex20 USD",0.0038155734,0,0
"USD","A8","Ancient8 USD",0.07359558,15675858,213000000
"USD","SAROS","Saros USD",0.0017827507,0,0
"USD","ALEO","Aleo USD",1.2676827,298687200,235616704
"USD","VELA","Vela Exchange USD",0.034376983,0,0
"USD","MNDE","Marinade USD",0.10385681,0,0
"USD","TORSY","TORSY USD",0.0078018117,5461265,699999680
"USD","CROWN","KingPad USD",0.0775603,0,0
"USD","SDAO","SingularityDAO USD",0.22411215,18541516,82733200
"USD","NOS","Nosana USD",3.546116,170914512,48197664
"USD","ARTY","Arty's World USD",0.000004560192,0,0
"USD","RSS3","RSS3 USD",0.11202463,75607288,674916672
"USD","BABYBONK","BabyBonk USD",1.9345728e-13,0,0
"USD","ROG","ROGin AI USD",0.42027035,28153858,66989872
"USD","PSPS","BobaCat USD",0.026421122,15249553,577172800
"USD","AGI","Delysium USD",0.1681849,166821872,991895680
"USD","LBR","Little Bunny Rocket USD",1.7417605e-10,0,0
"USD","DFI","DeFiChain USD",0.014515289,12032289,828939008
"USD","CSAS","csas (Ordinals) USD",0.00058853714,0,0
"USD","SOMM","Sommelier USD",0.01780438,0,0
"USD","USDV","USD Velero Stablecoin USD",4.398268e-10,0,0
"USD","XPE","Arcade Protocol USD",0.00002373893,0,0
"USD","BGB","Bitget Token USD",1.177246,1648144384,1400000000
"USD","LSETH","Liquid Staked ETH USD",2809.796,291695232,103813
"USD","INSC","INSC (Ordinals) USD",0.081102386,0,0
"USD","SQTS","Sqts (Ordinals) USD",9.0054464e-11,0,0
"USD","MONA","MonaCoin USD",0.2456522,16146639,65729676
"USD","RNDR","Render USD",6.799348,2668467712,392459392
"USD","CVT","CyberVein USD",0.0001085628,115120,1060404480
"USD","EFX","Effect AI USD",0.01057346,2666293,252168528
"USD","PART","Particl USD",0.122838534,1772103,14426279
"USD","ATT","Attila USD",0.0021346617,961414,450382720
"USD","BUSD","BUSD USD",1.0013266,68313984,68223480
"USD","BNS","BNS Token USD",0.00024975283,0,0
"USD","POLY","Polymath USD",0.062962055,58239800,924998400
"USD","YFII","DFI.Money USD",337.81183,13038186,38596
"USD","ETN","Electroneum USD",0.001969471,35410732,17979817984
"USD","CAS","Cashaa USD",0.0048370305,4837030,1000000000
"USD","NCASH","Nitro Network USD",0.000003413048,25001,7325209600
"USD","RFOX","RFOX USD",0.0012548411,1646352,1312000768
"USD","NRG","Energi USD",0.05242903,4316922,82338384
"USD","LET","LinkEye USD",0.00023719588,0,0
"USD","RFUEL","RioDeFi USD",0.0011439263,394140,344550848
"USD","TRACE","Trace Network Labs USD",0.00066995464,0,0
"USD","SOUL","Phantasma USD",0.05708599,7086038,124129200
"USD","MYNE","ITSMYNE USD",0.0016891505,0,0
"USD","WPR","WePower USD",0.00003776426,0,0
"USD","CRPT","Crypterium USD",0.05324795,5040352,94658160
"USD","PCNT","Playcent USD",0.0034515539,126483,36645236
"USD","RFR","Refereum USD",0.000089839305,449122,4999180288
"USD","GRS","Groestlcoin USD",0.31455472,27133350,86259552
"USD","SYLO","Sylo USD",0.00056795316,3286379,5786355712
"USD","ACT","Achain USD",0.0008301856,0,0
"USD","QLC","Kepple USD",0.003303328,1981996,600000000
"USD","CLOAK","CloakCoin USD",0.124156035,750795,6047194
"USD","POC","POC Blockchain USD",0.32603574,0,0
"USD","DBC","DeepBrain Chain USD",0.0019431394,10549211,5428952064
"USD","SFM","SafeMoon V2 USD",0.000027633987,0,0
"USD","CRTB","Coritiba F.C. Fan Token USD",0.050251424,0,0
"USD","MTRK","Matrak Fan Token USD",0.0004654057,0,0
"USD","GBSK","Gençlerbirliği Fan Token USD",0.0033634347,0,0
"USD","TMSH","Bursaspor Fan Token USD",0.0014880548,0,0
"USD","KRIPTO","Kripto koin USD",0.00011056899,599228,5419500032
"USD","VT","Virtual Tourist USD",0.0069532725,0,0
"USD","MXGP","MXGP Fan Token USD",0.0035417466,0,0
"USD","ROSA","Rosa Inu USD",0.0018042603,0,0
"USD","SPFC","Sao Paulo FC Fan Token USD",0.122479916,446209,3643120
"USD","FB","Facebook tokenized stock FTX USD",90,0,0
"USD","IMARO","IMARO USD",0.0022587103,0,0
"USD","TBFT","Turkish Basketball Federation Fan Token USD",0.0052780733,0,0
"USD","PRX","ProxyNode USD",0.000049554663,9674,195238192
"USD","DELI","NFTDeli USD",0.0000833231,0,0
"USD","ISLM","Islamic Coin USD",0.069111586,94984880,1374369792
"USD","ALBEDO","ALBEDO USD",0.000012147559,0,0
"USD","FPFT","Peruvian National Football Team Fan Token USD",0.0031082674,70495,22679998
"USD","MENGO","Flamengo Fan Token USD",0.2700799,3511298,13000961
"USD","BDRM","Bodrumspor Fan Token USD",0.010818337,0,0
"USD","FKSK","Fatih Karagümrük SK Fan Token USD",0.0014665009,0,0
"USD","AFYON","Afyonspor Fan Token USD",0.0022537888,0,0
"USD","GAMI","GAMI World USD",0.022282833,0,0
"USD","BRACE","Bitci Racing Token USD",0.0000061886685,0,0
"USD","MGPT","MotoGP Fan Token USD",0.011925881,0,0
"USD","ADANA","Adanaspor Fan Token USD",0.0029554646,0,0
"USD","XDEFI","XDEFI Wallet USD",0.046393767,4068844,87702400
"USD","IWFT","İstanbul Wild Cats Fan Token USD",0.0009973099,0,0
"USD","TMFT","Türkiye Motosiklet Federasyonu Fan Token USD",0.00045137896,0,0
"USD","RFT","Rangers Fan Token USD",0.005079589,0,0
"USD","SION","FC Sion Fan Token USD",0.0033310535,0,0
"USD","VTRA","E.C. Vitoria Fan Token USD",0.051930018,0,0
"USD","SCCP","S.C. Corinthians Fan Token USD",0.12347198,1044983,8463324
"USD","GQ","Blink Galaxy USD",0.00020321514,1205772,5933475328
"USD","DXGM","DEXGame USD",0.00011666499,73844,632959616
"USD","HT","Huobi Token USD",0.5353998,86859960,162233840
"USD","BXN","BlackFort Exchange Network USD",0.003209035,14407250,4489589760
"USD","BORG","SwissBorg USD",0.15822226,155647968,983729856
"USD","TLOS","Telos USD",0.22956555,86218776,375573664
"USD","WBT","WhiteBIT Coin USD",19.256996,0,0
"USD","LIF3","LIF3 USD",0.011259829,0,0
"USD","KARATE","Karate Combat USD",0.0005964388,0,0
"USD","XTP","Tap USD",0.00077195355,950978,1231911040
"USD","MODE","Mode USD",0.011432355,14862062,1300000000
"USD","RRT","Recovery Right Token USD",0.9,0,0
"USD","OPEN","Open Platform USD",0.006829029,0,0
"USD","GT","GateToken USD",8.836707,804252928,91012744
"USD","CNHT","Tether CNHt USD",0.14008746,0,0
"USD","AMPL","Ampleforth USD",1.1984435,33885384,28274494
"USD","JUSTICE","AssangeDAO USD",0.00011146456,0,0
"USD","HI","HI USD",0.00043298045,10553856,24374900736
"USD","GMMT","Giant Mammoth USD",0.0064250254,1050647,163524256
"USD","BEST","Bitpanda Ecosystem Token USD",0.45923,0,0
"USD","OMNI","Omni USD",0.79,0,0
"USD","B2M","Bit2Me USD",0.013465863,0,0
"USD","KAN","BitKan USD",0.00074294535,7118939,9582050304
"USD","TRADE","Unitrade USD",0.013095926,257646,19673818
"USD","MXNT","Tether MXNt USD",0.048160374,0,0
"USD","LYM","Lympo USD",0.0006614665,546816,826672960
"USD","CHEX","Chintai USD",0.2907109,283479200,975124096
"USD","SCLP","Scallop USD",0.13587211,8775022,64582952
"USD","ROOST","Roost Coin USD",0.0020799644,1949225,937143744
"USD","CRETA","Creta World USD",0.009529385,13973008,1466307456
"USD","ZTX","ZTX USD",0.0051459167,20660916,4015011840
"USD","XZK","Mystiko Network USD",0.02946071,6767941,229727712
"USD","LAKE","Data Lake USD",0.0026942247,0,0
"USD","SYK","Stryke USD",0.101033926,0,0
"USD","KLV","Klever USD",0.0018812568,16707029,8880780288
"USD","MMIT","MangoMan Intelligent USD",1.8756339e-9,677335,361123232612352
"USD","AQT","Alpha Quark Token USD",0.8247752,22109090,26806200
"USD","PROPC","Propchain USD",1.078202,24408686,22638324
"USD","NUB","nubcat USD",0.018136859,17230020,950000256
"USD","UPC","UPCX USD",3.5817814,175673616,49046440
"USD","REACH","/Reach USD",0.014937599,0,0
"USD","PIP","Pip USD",0.025554309,4148313,162333216
"USD","VMINT","VoluMint USD",0.0038189574,2108585,552136320
"USD","JOY","Joystream USD",0.0045372876,4491057,989810944
"USD","OMAX","Omax Coin USD",0.0004093903,3548594,8667997184
"USD","XCHNG","Chainge USD",0.028905712,13702641,474046144
"USD","MONGY","MONGY USD",0.0002800318,0,0
"USD","GHX","GamerCoin USD",0.07274023,47278612,649965120
"USD","MVL","MVL USD",0.0033046708,84939816,25702959104
"USD","LYX","LUKSO USD",1.4806617,45213348,30535906
"USD","GINOA","Ginoa USD",0.6454154,0,0
"USD","CEL","Celsius USD",0.21224727,8005990,37720112
"USD","SAUCE","SaucerSwap USD",0.03268453,23578622,721400064
"USD","TSUGT","Captain Tsubasa USD",0.0022452953,401638,178880144
"USD","ARTFI","ARTFI USD",0.010524527,1372061,130368000
"USD","COREUM","Coreum USD",0.060821198,23403514,384792064
"USD","PGPT","PrivateAI USD",0.08903592,0,0
"USD","HELLO","HELLO Labs USD",0.018324321,13405721,731580736
"USD","GEEK","De:Lithe Last Memories USD",0.0054443167,0,0
"USD","AABL","Abble USD",0.0083795,0,0
"USD","ALEX","ALEX Lab USD",0.08601471,52167052,606489856
"USD","MX","MX Token USD",2.7868972,269721024,96781832
"USD","CWIF","catwifhat USD",3.5245594e-7,11628390,32992464470016
"USD","GAME","GameCredits USD",0.00028914,56041,193822080
"USD","CATBOY","CatBoy USD",0.0011078066,0,0
"USD","KUB","Bitkub Coin USD",2.2054234,152118576,68974776
"USD","AAI","AutoAir AI USD",0.008900231,0,0
"USD","OFN","Openfabric AI USD",0.09558534,11319011,118417848
"USD","VR","Victoria VR USD",0.006514591,34763468,5336247296
"USD","CAU","Canxium USD",0.9015457,827824,918228
"USD","NPT","NEOPIN USD",0.17186542,19832072,115393024
"USD","BROCK","Bitrock USD",0.045895383,4427056,96459744
"USD","ROSX","Roseon USD",0.0036777945,0,0
"USD","VSC","Vari-Stable Capital USD",8.3554866e-8,0,0
"USD","BICITY","BiCity AI Projects USD",0.0066723065,0,0
"USD","KATA","Katana Inu USD",0.00048657518,13247646,27226308608
"USD","LOE","Legends of Elysium USD",0.01830787,251979,13763427
"USD","AZIT","Azit USD",0.020361302,5203737,255569984
"USD","ZBU","Zeebu USD",4.6007357,1191456384,258970848
"USD","MCH","MeconCash USD",0.012301875,0,0
"USD","BIZA","BizAuto USD",0.0009790557,2478293,2531310336
"USD","PZP","PlayZap USD",0.039672606,2443986,61603884
"USD","PCI","Paycoin USD",0.07980853,80433560,1007831680
"USD","STIK","Staika USD",1.6934704,76271080,45038336
"USD","TSUKA","Dejitaru Tsuka USD",0.00461323,4613230,1000000000
"USD","LITT","LitLab Games USD",0.0013435044,392068,291825056
"USD","COMAI","Commune AI USD",0.19871442,20017668,100735864
"USD","MCHC","My Crypto Heroes USD",0.04525065,1237863,27355706
"USD","RBN","Ribbon Finance USD",0.31426635,36167896,115086744
"USD","XOR","SORA USD",0.0000143303405,4331455,302257635328
"USD","JUNGLE","Jungle USD",0.016565798,0,0
"USD","WSDM","Wisdomise AI USD",0.013035328,0,0
"USD","INVITE","INVITE Token USD",0.0046593766,0,0
"USD","SERSH","Serenity Shield USD",0.10257502,0,0
"USD","SNIFT","StarryNift USD",0.027299024,0,0
"USD","NVIR","NvirWorld USD",0.0014608451,1537556,1052511936
"USD","GCAKE","Pancake Games USD",6.159413e-8,0,0
"USD","NAVI","Natus Vincere Fan Token USD",0.1080846,342836,3171926
"USD","UNIO","Unio Coin USD",0.002408173,1437077,596750016
"USD","AVACN","AVACOIN USD",0.000108567336,0,0
"USD","VELO","Velo USD",0.012657674,93546232,7390475776
"USD","10SET","Tenset USD",0.24975416,34909028,139773552
"USD","TIME","Chrono.tech USD",16.32308,11591231,710113
"USD","GXE","Galaxy Essential USD",0.000001061558,0,0
"USD","TRIAS","Trias Token (New) USD",3.8979175,0,0
"USD","MOEW","donotfomoew USD",0.00047227822,0,0
"USD","SDEX","SmarDex USD",0.0072327824,63333836,8756496384
"USD","AARK","Aark USD",0.00352244,0,0
"USD","LIQUIDIUM","LIQUIDIUM•TOKEN USD",0.14600767,0,0
"USD","WUF","WUFFI USD",0.0000010558653,0,0
"USD","MBX","MobieCoin USD",0.000034991866,0,0
"USD","USDE","USDe USD",0.956036,0,0
"USD","EML","EML Protocol USD",0.08122834,3228445,39745312
"USD","XELS","XELS USD",0.047237046,937725,19851488
"USD","RMV","Reality Metaverse USD",0.0077615934,1939568,249893120
"USD","DOPE","DopeCoin USD",0.0044599893,0,0
"USD","WNXM","Wrapped NXM USD",58.200462,43044592,739591
"USD","WALV","Wrapped Alvey Chain USD",0.010059353,3218993,320000000
"USD","GUI","Gui Inu USD",0.000021056416,11705158,555895029760
"USD","SALD","Salad USD",0.0011298,85425,75610752
"USD","UNICE","UNICE USD",0.0039743977,227053,57128972
"USD","GOMD","GOMDori USD",0.0000281581,0,0
"USD","CBK","Cobak Token USD",0.5235792,46404744,88629840
"USD","ZCX","Unizen USD",0.07401522,51164168,691265472
"USD","INTER","Inter Milan Fan Token USD",1.4015614,10608857,7569313
"USD","IAG","IAGON USD",0.1265145,47572036,376020448
"USD","APPA","Dappad USD",0.004262504,0,0
"USD","XPLA","XPLA USD",0.080962874,60018160,741304704
"USD","MASSA","Massa USD",0.038965683,0,0
"USD","PMG","PMG Coin USD",0.00025294634,0,0
"USD","0X0","0x0.ai USD",0.09898268,85972736,868563456
"USD","AFC","Apiary Fund Coin USD",0.00007717156,0,0
"USD","OGLG","OGLONG USD",0.00046045615,0,0
"USD","XETA","Xeta Reality USD",0.0026308272,0,0
"USD","VEXT","Veloce USD",0.0044589336,923939,207210880
"USD","BABYGROK","Baby Grok USD",5.1643303e-12,0,0
"USD","GMEE","GAMEE USD",0.009961547,13479219,1353124992
"USD","BBL","Basket Legends USD",0.0004840027,0,0
"USD","MV","GensoKishi Metaverse USD",0.0073498227,2938000,399737600
"USD","ALE","Ailey USD",0.10917583,0,0
"USD","SOCIAL","Phavercoin USD",0.0017033883,1787751,1049526784
"USD","FAVR","FAVOR USD",0.0068139415,0,0
"USD","NUUM","MNet USD",0.019192845,0,0
"USD","AIN","AI Network USD",0.007887556,0,0
"USD","TUP","TenUp USD",0.0070077507,738419,105371800
"USD","LOGX","LogX Network USD",0.037832066,0,0
"USD","SETH","Sether USD",0.016593039,334128,20136682
"USD","SHIDO","Shido [Old] USD",9.700586e-7,0,0
"USD","BRN","Brainaut Defi USD",0.00060475606,0,0
"USD","SIX","SIX USD",0.02519392,21439186,850966592
"USD","GPTV","GPTVerse USD",0.0003879391,0,0
"USD","NAVX","NAVI Protocol USD",0.1272138,32901476,258631312
"USD","NESS","Darkness Share USD",0.00001861038,0,0
"USD","ASM","Assemble AI USD",0.031037303,46555956,1500000000
"USD","NCT","PolySwarm USD",0.01636985,30865364,1885500800
"USD","DVI","Dvision Network USD",0.012372407,9959742,804996288
"USD","MED","MediBloc USD",0.007880143,75205136,9543626752
"USD","STAT","STAT USD",0.07224685,4184416,57918328
"USD","ADP","Adappter Token USD",0.0016883151,6044740,3580338688
"USD","GRND","SuperWalk USD",0.08707242,12227459,140428608
"USD","BOA","BOSagora USD",0.012449669,3873258,311113408
"USD","WIKEN","Project WITH USD",0.006248244,6522436,1043883072
"USD","MOC","Moss Coin USD",0.06329032,26676218,421489696
"USD","TAVA","ALTAVA USD",0.02180366,11093964,508812000
"USD","GRACY","Gracy USD",0.03042235,4115891,135291712
"USD","WOM","WOM Protocol USD",0.018639501,3504226,188000000
"USD","VIX","VIXCO USD",0.005146751,4223889,820690368
"USD","FANC","fanC USD",0.006819204,6451973,946147648
"USD","FLZ","Fellaz USD",2.2067583,1041313920,471874944
"USD","HUNT","Hunt Town USD",0.2683937,33862608,126167680
"USD","LM","LeisureMeta USD",0.00348864,8033773,2302838016
"USD","AMO","AMO Coin USD",0.0004743776,9060612,19100000256
"USD","MEV","MEVerse USD",0.0037837194,6533140,1726644992
"USD","USDS","Stably USD USD",1.0250196,473526,461967
"USD","CRTS","Cratos USD",0.00030200282,14888642,49299677184
"USD","BIOT","BioPassport Token USD",0.0011578362,7701737,6651836416
"USD","TT","ThunderCore USD",0.0030347942,34482588,11362414592
"USD","APM","apM Coin USD",0.003435034,5141817,1496875008
"USD","EL","ELYSIA USD",0.003944907,15821955,4010729728
"USD","SKY","Skycoin USD",0.03498639,0,0
"USD","MVC","MileVerse USD",0.0038040276,10503034,2761029888
"USD","TDROP","ThetaDrop USD",0.002079691,0,0
"USD","POLA","Polaris Share USD",0.019881314,9646030,485180736
"USD","VALOR","Valor Token USD",0.09620512,4838841,50297124
"USD","BLY","Blocery USD",0.004283651,3893124,908833344
"USD","EVZ","Electric Vehicle Zone USD",0.0048243813,10726395,2223372032
"USD","LBL","LABEL AI USD",0.002623607,5854270,2231382528
"USD","OBSR","Observer USD",0.0013829413,8445734,6107080704
"USD","TEMCO","TEMCO USD",0.0011821367,4696932,3973256448
"USD","QTCON","Quiztok USD",0.0012908428,12958976,10039158784
"USD","FRONT","Frontier USD",0.57366365,8199000,14292347
"USD","FCT","Factom USD",0.69207865,7240689,10462235
"USD","MLK","MiL.k USD",0.19574927,78365960,400338464
"USD","FX","Function X USD",0.1303728,53259944,408520352
"USD","ROA","ROA CORE USD",0.01354264,5779999,426800064
"USD","JFIN","JFIN Coin USD",0.25958622,0,0
"USD","QUACK","RichQUACK.com USD",7.7921747e-10,34352552,44085962392731650
"USD","NBLU","NuriTopia USD",0.0029689795,3361497,1132206208
"USD","HYDRA","Hydra USD",0.23660502,4720992,19953054
"USD","KCS","KuCoin Token USD",9.491027,1141363584,120257112
"USD","GALEON","Galeon USD",0.030308438,21782478,718693504
"USD","IMPT","IMMOPET Token USD",0.0004997956,0,0
"USD","MVEDA","Medicalveda USD",0.0021000295,0,0
"USD","CENX","Centralex USD",0.023543965,0,0
"USD","BST","Blocksquare Token USD",0.24282691,12500071,51477292
"USD","MMAI","MetamonkeyAi USD",0.000020162797,122980,6099377152
"USD","MTVT","Metaverser USD",0.00203396,339901,167113232
"USD","NEOM","Neom USD",22.999279,49214304,2139819
"USD","GOC","GoCrypto Token USD",0.0031117345,763241,245278432